First.Author,PYear,EYear,Location,Lontitude,Latitude,Country,Genotype,Cultivar,Nitrogen,Nmass,CO2,N,HD.SR,HD.MeanSR,HD.MaxT35,HD.MaxT26,HD.MaxT3,HD.MaxT5,HD.MeanT,HD.MinT,HD.MaxT,HD.RangeT,HD.MeanVPD,HD.PRE,PM.SR,PM.MeanSR,PM.MaxT35,PM.MaxT26,PM.MaxT3,PM.MaxT5,PM.MeanT,PM.MinT,PM.MaxT,PM.RangeT,PM.MeanVPD,PM.PRE
Huang JY,2002,2001,Wuxi,120.2,31.5,China,Japonica,9915,HN,25,FACE,3,1265.302,18.60738235,0,43,0,0,28.12338235,26.30794118,29.93882353,3.630882353,3.048529412,712.42,953.4705,17.33582727,0,6,0,0,23.97290909,21.95563636,25.99018182,4.034545455,2.305454545,206.99
Huang JY,2002,2001,Wuxi,120.2,31.5,China,Japonica,9915,HN,25,AMB,5,1333.485,18.78147887,0,45,0,0,28.13661972,26.30859155,29.96464789,3.656056338,3.047887324,715.22,969.9945,17.01744737,0,4,0,0,23.4245614,21.37807018,25.47105263,4.092982456,2.221052632,203.15
Huang JY,2002,2001,Wuxi,120.2,31.5,China,Japonica,9915,LN,15,FACE,3,1188.731,18.57392188,0,40,0,0,28.12789063,26.32046875,29.9353125,3.61484375,3.04375,705.99,946.2492,17.85375849,0,8,0,0,24.7009434,22.67886792,26.72301887,4.044150943,2.426415094,195.23
Huang JY,2002,2001,Wuxi,120.2,31.5,China,Japonica,9915,LN,15,AMB,5,1265.302,18.60738235,0,43,0,0,28.12338235,26.30794118,29.93882353,3.630882353,3.048529412,712.42,985.7235,17.29339474,0,6,0,0,23.82184211,21.7854386,25.85824561,4.072807018,2.284210526,206.99
Huang JY,2002,2001,Wuxi,120.2,31.5,China,Japonica,9915,HN,25,FACE,3,1188.731,18.57392188,0,40,0,0,28.12789063,26.32046875,29.9353125,3.61484375,3.04375,705.99,968.0753,17.60136909,0,8,0,0,24.53254545,22.53545455,26.52963636,3.994181818,2.401818182,207.45
Huang JY,2002,2001,Wuxi,120.2,31.5,China,Japonica,9915,HN,25,AMB,5,1248.669,18.63685075,0,42,0,0,28.12298507,26.30522388,29.94074627,3.635522388,3.046268657,710.95,991.4915,17.39458772,0,7,0,0,23.97885965,21.95561404,26.00210526,4.046491228,2.310526316,207.37
Huang JY,2002,2001,Wuxi,120.2,31.5,China,Japonica,9915,LN,15,FACE,3,1123.1863,18.71977167,0,40,0,0,28.34275,26.54583333,30.13966667,3.593833333,3.075,686.29,927.9933,17.50930755,0,8,0,0,24.95943396,22.95301887,26.96584906,4.012830189,2.483018868,262.5
Huang JY,2002,2001,Wuxi,120.2,31.5,China,Japonica,9915,LN,15,AMB,5,1188.731,18.57392188,0,40,0,0,28.12789063,26.32046875,29.9353125,3.61484375,3.04375,705.99,996.7935,17.48760526,0,8,0,0,24.39675439,22.41175439,26.38175439,3.97,2.38245614,211.98
Yang LX,2006,2001,Wuxi,120.2,31.5,China,Japonica,WXJ14,LN,15,AMB,5,1389.962,18.78327027,0,48,0,0,28.14966216,26.32067568,29.97864865,3.657972973,3.045945946,718.2,954.5005,16.74562281,0,1,0,0,22.83403509,20.74877193,24.91929825,4.170526316,2.131578947,202.55
Yang LX,2006,2002,Wuxi,120.2,31.5,China,Japonica,WXJ14,LN,15,AMB,5,1359.7606,18.37514324,0,27,0,0,27.45412162,25.52554054,29.3827027,3.857162162,2.943243243,639.12,975.4677,17.11346842,0,5,0,0,23.81631579,21.56754386,26.06508772,4.49754386,2.296491228,193.63
Yang LX,2006,2003,Wuxi,120.2,31.5,China,Japonica,WXJ14,LN,15,AMB,5,1428.1732,19.29963784,5,43,1,0,28.52418919,26.40662162,30.64175676,4.235135135,3.095945946,378.8,859.055,15.07114035,0,14,0,0,23.7504386,21.79298246,25.70789474,3.914912281,2.398245614,116.25
Yang LX,2006,2001,Wuxi,120.2,31.5,China,Japonica,WXJ14,LN,15,FACE,3,1353.892,18.80405556,0,46,0,0,28.13722222,26.30861111,29.96583333,3.657222222,3.045833333,715.48,961.6355,16.87079825,0,3,0,0,23.23991228,21.19052632,25.28929825,4.09877193,2.19122807,202.81
Yang LX,2006,2002,Wuxi,120.2,31.5,China,Japonica,WXJ14,LN,15,FACE,3,1317.7856,18.30257778,0,25,0,0,27.38076389,25.47458333,29.28694444,3.812361111,2.927777778,616.48,1005.5461,17.64115965,0,7,0,0,24.18254386,21.87122807,26.49385965,4.622631579,2.352631579,182.17
Yang LX,2006,2003,Wuxi,120.2,31.5,China,Japonica,WXJ14,LN,15,FACE,3,1380.3112,19.17098889,5,41,1,0,28.48159722,26.3675,30.59569444,4.228194444,3.093055556,378.8,876.019,15.36875439,0,16,0,0,24.19929825,22.27192982,26.12666667,3.854736842,2.463157895,116.25
Yang LX,2006,2001,Wuxi,120.2,31.5,China,Japonica,WXJ14,MN,25,AMB,5,1389.962,18.78327027,0,48,0,0,28.14966216,26.32067568,29.97864865,3.657972973,3.045945946,718.2,954.5005,16.74562281,0,1,0,0,22.83403509,20.74877193,24.91929825,4.170526316,2.131578947,202.55
Yang LX,2006,2002,Wuxi,120.2,31.5,China,Japonica,WXJ14,MN,25,AMB,5,1359.7606,18.37514324,0,27,0,0,27.45412162,25.52554054,29.3827027,3.857162162,2.943243243,639.12,975.4677,17.11346842,0,5,0,0,23.81631579,21.56754386,26.06508772,4.49754386,2.296491228,193.63
Yang LX,2006,2003,Wuxi,120.2,31.5,China,Japonica,WXJ14,MN,25,AMB,5,1428.1732,19.29963784,5,43,1,0,28.52418919,26.40662162,30.64175676,4.235135135,3.095945946,378.8,859.055,15.07114035,0,14,0,0,23.7504386,21.79298246,25.70789474,3.914912281,2.398245614,116.25
Yang LX,2006,2001,Wuxi,120.2,31.5,China,Japonica,WXJ14,MN,25,FACE,3,1353.892,18.80405556,0,46,0,0,28.13722222,26.30861111,29.96583333,3.657222222,3.045833333,715.48,961.6355,16.87079825,0,3,0,0,23.23991228,21.19052632,25.28929825,4.09877193,2.19122807,202.81
Yang LX,2006,2002,Wuxi,120.2,31.5,China,Japonica,WXJ14,MN,25,FACE,3,1317.7856,18.30257778,0,25,0,0,27.38076389,25.47458333,29.28694444,3.812361111,2.927777778,616.48,1005.5461,17.64115965,0,7,0,0,24.18254386,21.87122807,26.49385965,4.622631579,2.352631579,182.17
Yang LX,2006,2003,Wuxi,120.2,31.5,China,Japonica,WXJ14,MN,25,FACE,3,1380.3112,19.17098889,5,41,1,0,28.48159722,26.3675,30.59569444,4.228194444,3.093055556,378.8,876.019,15.36875439,0,16,0,0,24.19929825,22.27192982,26.12666667,3.854736842,2.463157895,116.25
Yang LX,2006,2002,Wuxi,120.2,31.5,China,Japonica,WXJ14,HN,35,AMB,5,1359.7606,18.37514324,0,27,0,0,27.45412162,25.52554054,29.3827027,3.857162162,2.943243243,639.12,975.4677,17.11346842,0,5,0,0,23.81631579,21.56754386,26.06508772,4.49754386,2.296491228,193.63
Yang LX,2006,2003,Wuxi,120.2,31.5,China,Japonica,WXJ14,HN,35,AMB,5,1428.1732,19.29963784,5,43,1,0,28.52418919,26.40662162,30.64175676,4.235135135,3.095945946,378.8,859.055,15.07114035,0,14,0,0,23.7504386,21.79298246,25.70789474,3.914912281,2.398245614,116.25
Yang LX,2006,2002,Wuxi,120.2,31.5,China,Japonica,WXJ14,HN,35,FACE,3,1317.7856,18.30257778,0,25,0,0,27.38076389,25.47458333,29.28694444,3.812361111,2.927777778,616.48,1005.5461,17.64115965,0,7,0,0,24.18254386,21.87122807,26.49385965,4.622631579,2.352631579,182.17
Yang LX,2006,2003,Wuxi,120.2,31.5,China,Japonica,WXJ14,HN,35,FACE,3,1380.3112,19.17098889,5,41,1,0,28.48159722,26.3675,30.59569444,4.228194444,3.093055556,378.8,876.019,15.36875439,0,16,0,0,24.19929825,22.27192982,26.12666667,3.854736842,2.463157895,116.25
Liu HJ,2008,2004,Jiangdu,119.5,32.4,China,Hybrid indica,Shanyou63,LN,12.5,AMB,3,1313.2156,20.51899375,4,30,2,0,28.20289063,24.70140625,31.704375,7.00296875,2.9828125,414.82,747.9781,16.62173556,0,1,0,0,24.43166667,20.654,28.20933333,7.555333333,2.288888889,53.32
Liu HJ,2008,2004,Jiangdu,119.5,32.4,China,Hybrid indica,Shanyou63,LN,12.5,FACE,3,1327.2696,20.41953231,4,30,2,0,28.18976923,24.70338462,31.67615385,6.972769231,2.981538462,415.21,708.3361,16.47293256,0,0,0,0,24.34232558,20.60162791,28.08302326,7.481395349,2.279069767,44.94
Liu HJ,2008,2004,Jiangdu,119.5,32.4,China,Hybrid indica,Shanyou63,HN,25,AMB,3,1313.2156,20.51899375,4,30,2,0,28.20289063,24.70140625,31.704375,7.00296875,2.9828125,414.82,747.9781,16.62173556,0,1,0,0,24.43166667,20.654,28.20933333,7.555333333,2.288888889,53.32
Liu HJ,2008,2004,Jiangdu,119.5,32.4,China,Hybrid indica,Shanyou63,HN,25,FACE,3,1327.2696,20.41953231,4,30,2,0,28.18976923,24.70338462,31.67615385,6.972769231,2.981538462,415.21,708.3361,16.47293256,0,0,0,0,24.34232558,20.60162791,28.08302326,7.481395349,2.279069767,44.94
Liu HJ,2008,2005,Jiangdu,119.5,32.4,China,Hybrid indica,Shanyou63,LN,12.5,AMB,3,1243.8337,19.43490156,8,24,2,0,28.81695313,25.24546875,32.3884375,7.14296875,2.8859375,411.88,656.4521,14.58782444,0,2,0,0,24.79811111,21.78155556,27.81466667,6.033111111,2.533333333,199.71
Liu HJ,2008,2005,Jiangdu,119.5,32.4,China,Hybrid indica,Shanyou63,LN,12.5,FACE,3,1261.4197,19.40645692,8,25,2,0,28.82723077,25.25938462,32.39507692,7.135692308,2.889230769,416.18,614.8711,14.29932791,0,1,0,0,24.64372093,21.67488372,27.61255814,5.937674419,2.513953488,199.39
Liu HJ,2008,2005,Jiangdu,119.5,32.4,China,Hybrid indica,Shanyou63,HN,25,AMB,3,1243.8337,19.43490156,8,24,2,0,28.81695313,25.24546875,32.3884375,7.14296875,2.8859375,411.88,656.4521,14.58782444,0,2,0,0,24.79811111,21.78155556,27.81466667,6.033111111,2.533333333,199.71
Liu HJ,2008,2005,Jiangdu,119.5,32.4,China,Hybrid indica,Shanyou63,HN,25,FACE,3,1261.4197,19.40645692,8,25,2,0,28.82723077,25.25938462,32.39507692,7.135692308,2.889230769,416.18,614.8711,14.29932791,0,1,0,0,24.64372093,21.67488372,27.61255814,5.937674419,2.513953488,199.39
Liu HJ,2008,2006,Jiangdu,119.5,32.4,China,Hybrid indica,Shanyou63,LN,12.5,AMB,3,1189.1161,18.57993906,3,28,1,0,28.48390625,25.26140625,31.70640625,6.445,3.0171875,409.09,723.4652,16.07700444,0,7,0,0,24.35388889,21.06866667,27.63911111,6.570444444,2.393333333,115.47
Liu HJ,2008,2006,Jiangdu,119.5,32.4,China,Hybrid indica,Shanyou63,LN,12.5,FACE,3,1208.6501,18.59461692,3,28,1,0,28.47307692,25.25615385,31.69,6.433846154,3.013846154,409.29,701.4544,16.31289302,0,6,0,0,24.27197674,20.93,27.61395349,6.683953488,2.379069767,108.78
Liu HJ,2008,2006,Jiangdu,119.5,32.4,China,Hybrid indica,Shanyou63,HN,25,AMB,3,1189.1161,18.57993906,3,28,1,0,28.48390625,25.26140625,31.70640625,6.445,3.0171875,409.09,723.4652,16.07700444,0,7,0,0,24.35388889,21.06866667,27.63911111,6.570444444,2.393333333,115.47
Liu HJ,2008,2006,Jiangdu,119.5,32.4,China,Hybrid indica,Shanyou63,HN,25,FACE,3,1208.6501,18.59461692,3,28,1,0,28.47307692,25.25615385,31.69,6.433846154,3.013846154,409.29,701.4544,16.31289302,0,6,0,0,24.27197674,20.93,27.61395349,6.683953488,2.379069767,108.78
Yang LX,2009,2005,Jiangdu,119.5,32.4,China,Hybrid indica,Liangyoupeijiu,HN,25,AMB,3,1419.9107,18.4403987,8,25,2,0,28.11324675,24.71506494,31.51142857,6.796363636,2.827272727,482.36,619.4527,13.76561556,0,0,0,0,23.27855556,20.14977778,26.40733333,6.257555556,2.317777778,152.92
Yang LX,2009,2005,Jiangdu,119.5,32.4,China,Hybrid indica,Liangyoupeijiu,HN,25,FACE,3,1419.9107,18.4403987,8,25,2,0,28.11324675,24.71506494,31.51142857,6.796363636,2.827272727,482.36,665.9417,13.87378542,0,0,0,0,22.9809375,19.801875,26.16,6.358125,2.270833333,153.01
Yang LX,2009,2005,Jiangdu,119.5,32.4,China,Hybrid indica,Liangyoupeijiu,LN,12.5,AMB,3,1409.8547,18.55071974,8,25,2,0,28.14,24.73736842,31.54263158,6.805263158,2.826315789,480.08,645.4627,13.73324894,0,0,0,0,23.24659574,20.09468085,26.39851064,6.303829787,2.317021277,154.89
Yang LX,2009,2005,Jiangdu,119.5,32.4,China,Hybrid indica,Liangyoupeijiu,LN,12.5,FACE,3,1397.6057,18.63474267,8,25,2,0,28.1764,24.7648,31.588,6.8232,2.828,478.13,650.2177,13.83441915,0,0,0,0,23.36351064,20.23276596,26.49425532,6.261489362,2.331914894,155.92
Liu HJ,2008,2006,Jiangdu,119.5,32.4,China,Indica,Yangdao6,LN,12.5,AMB,3,1357.8331,18.60045342,3,28,1,0,28.31547945,25.08,31.5509589,6.470958904,2.987671233,424.08,501.3072,15.66585,0,6,0,0,23.8646875,20.5815625,27.1478125,6.56625,2.33125,97.34
Liu HJ,2008,2006,Jiangdu,119.5,32.4,China,Indica,Yangdao6,LN,12.5,FACE,3,1357.8331,18.60045342,3,28,1,0,28.31547945,25.08,31.5509589,6.470958904,2.987671233,424.08,501.3072,15.66585,0,6,0,0,23.8646875,20.5815625,27.1478125,6.56625,2.33125,97.34
Liu HJ,2008,2006,Jiangdu,119.5,32.4,China,Indica,Yangdao6,HN,25,AMB,3,1416.8281,18.642475,3,31,1,0,28.36618421,25.13539474,31.59697368,6.461578947,2.997368421,444.71,494.1654,15.44266875,0,4,0,0,23.15234375,19.781875,26.5228125,6.7409375,2.21875,74.02
Liu HJ,2008,2006,Jiangdu,119.5,32.4,China,Indica,Yangdao6,HN,25,FACE,3,1416.8281,18.642475,3,31,1,0,28.36618421,25.13539474,31.59697368,6.461578947,2.997368421,444.71,494.1654,15.44266875,0,4,0,0,23.15234375,19.781875,26.5228125,6.7409375,2.21875,74.02
Zhu CW,2015,2012,Jiangdu,119.5,32.4,China,Indica,Yangdao6,MN,22.5,AMB,3,1347.2354,17.72678158,3,29,0,0,28.04657895,24.82605263,31.26710526,6.441052632,2.848684211,468.22,516.9215,16.15379688,0,0,0,0,21.51953125,17.53,25.5090625,7.9790625,1.8375,91.33
Zhu CW,2015,2014,Jiangdu,119.5,32.4,China,Indica,Yangdao6,MN,22.5,AMB,3,1104.5268,14.53324737,0,11,0,0,25.75164474,22.91210526,28.59118421,5.679078947,2.798684211,578.54,410.3471,12.82334688,0,0,0,0,22.4371875,19.4084375,25.4659375,6.0575,2.215625,87.92
Zhu CW,2015,2012,Jiangdu,119.5,32.4,China,Indica,Yangdao6,MN,22.5,FACE,3,1347.2354,17.72678158,3,29,0,0,28.04657895,24.82605263,31.26710526,6.441052632,2.848684211,468.22,516.9215,16.15379688,0,0,0,0,21.51953125,17.53,25.5090625,7.9790625,1.8375,91.33
Zhu CW,2015,2014,Jiangdu,119.5,32.4,China,Indica,Yangdao6,MN,22.5,FACE,3,1104.5268,14.53324737,0,11,0,0,25.75164474,22.91210526,28.59118421,5.679078947,2.798684211,578.54,410.3471,12.82334688,0,0,0,0,22.4371875,19.4084375,25.4659375,6.0575,2.215625,87.92
Wang WL,2018,2015,Jiangdu,119.5,32.4,China,Japonica,Nanjing9108,MN,22.5,AMB,3,1103.5464,15.76494857,0,11,0,0,26.00921429,22.95585714,29.06257143,6.106714286,2.778571429,665.03,952.6147,15.36475323,0,0,0,0,21.01725806,17.03387097,25.00064516,7.966774194,1.932258065,139.42
Wang WL,2018,2015,Jiangdu,119.5,32.4,China,Japonica,Nanjing9108,MN,22.5,FACE,3,1041.5534,15.54557313,0,11,0,0,26.05783582,23.0338806,29.08179104,6.047910448,2.788059701,662.32,988.3478,15.68806032,0,0,0,0,21.4052381,17.41746032,25.39301587,7.975555556,1.988888889,138.69
Wang WL,2018,2016,Jiangdu,119.5,32.4,China,Japonica,Nanjing9108,MN,22.5,AMB,3,1237.848,17.68354286,8,28,6,4,28.14707143,24.98771429,31.30642857,6.318714286,3.072857143,675.96,696.31263,11.23084887,0,0,0,0,21.69177419,18.63145161,24.75209677,6.120645161,2.020967742,550.92
Wang WL,2018,2016,Jiangdu,119.5,32.4,China,Japonica,Nanjing9108,MN,22.5,FACE,3,1180.239,17.61550746,8,28,6,4,28.29537313,25.15119403,31.43955224,6.288358209,3.114925373,674.88,750.29763,11.90948619,0,0,0,0,22.05095238,18.91634921,25.18555556,6.269206349,2.055555556,533.27
Wang WL,2018,2015,Jiangdu,119.5,32.4,China,Japonica,Wuyunjing23,MN,22.5,AMB,3,1308.5534,16.15498025,0,11,0,0,25.84123457,22.72925926,28.95320988,6.223950617,2.740740741,680.73,762.2271,14.3816434,0,0,0,0,19.96481132,15.93981132,23.98981132,8.05,1.777358491,125.05
Wang WL,2018,2015,Jiangdu,119.5,32.4,China,Japonica,Wuyunjing23,MN,22.5,FACE,3,1224.0974,16.10654474,0,11,0,0,25.94,22.83723684,29.04276316,6.205526316,2.760526316,668.7,830.3887,14.82836964,0,0,0,0,20.56696429,16.55214286,24.58178571,8.029642857,1.864285714,135.71
Wang WL,2018,2015,Jiangdu,119.5,32.4,China,Indica,Yangdao6,MN,22.5,AMB,3,1224.0974,16.10654474,0,11,0,0,25.94,22.83723684,29.04276316,6.205526316,2.760526316,668.7,499.1862,15.59956875,0,0,0,0,22.2109375,18.4159375,26.0059375,7.59,2.090625,104.33
Wang WL,2018,2015,Jiangdu,119.5,32.4,China,Indica,Yangdao6,MN,22.5,FACE,3,1224.0974,16.10654474,0,11,0,0,25.94,22.83723684,29.04276316,6.205526316,2.760526316,668.7,499.1862,15.59956875,0,0,0,0,22.2109375,18.4159375,26.0059375,7.59,2.090625,104.33
Cai C,2016,2013,Changshu,120.75,31.65,China,Hybrid Japonica,Changyou 5,MN,22.5,AMB,3,1591.637,19.64983951,27,50,21,17,29.37598765,25.60234568,33.14962963,7.547283951,2.827160494,299.57,556.325,14.26474359,0,0,0,0,23.50897436,19.7025641,27.31538462,7.612820513,2.187179487,120.94
Cai C,2016,2013,Changshu,120.75,31.65,China,Hybrid Japonica,Changyou 5,MN,22.5,FACE,3,1583.9893,20.05049747,27,50,21,17,29.58436709,25.74936709,33.41936709,7.67,2.846835443,292.32,544.7477,13.96788974,0,0,0,0,23.5674359,19.82923077,27.30564103,7.476410256,2.187179487,123.89
Cai C,2016,2014,Changshu,120.75,31.65,China,Hybrid Japonica,Changyou 5,MN,22.5,AMB,3,1155.8308,14.26951605,0,8,0,0,25.87320988,22.9591358,28.78728395,5.828148148,2.802469136,653.03,555.3232,13.88308,0,0,0,0,21.585375,18.22075,24.95,6.72925,2.0525,60.77
Cai C,2016,2014,Changshu,120.75,31.65,China,Hybrid Japonica,Changyou 5,MN,22.5,FACE,3,1118.6468,14.16008608,0,8,0,0,25.8893038,22.99012658,28.78848101,5.79835443,2.808860759,652.54,555.4992,13.88748,0,0,0,0,22.069125,18.7885,25.34975,6.56125,2.125,61.06
Li CH,2017,2013,Jiangdu,119.5,32.4,China,Japonica,Wuyunjing23,MN,22.5,AMB,3,1558.3154,19.23846173,20,47,13,9,28.90283951,25.44444444,32.36123457,6.916790123,2.886419753,392.34,757.3228,14.28910943,0,0,0,0,20.88330189,17.00830189,24.75830189,7.75,1.886792453,191.72
Li CH,2017,2013,Jiangdu,119.5,32.4,China,Japonica,Wuyunjing23,MN,22.5,FACE,3,1475.1316,19.40962632,20,47,13,9,29.29453947,25.87763158,32.71144737,6.833815789,2.956578947,384.47,826.6668,14.76190714,0,0,0,0,21.39821429,17.51464286,25.28178571,7.767142857,1.910714286,191.74
Li CH,2017,2014,Jiangdu,119.5,32.4,China,Japonica,Wuyunjing23,MN,22.5,AMB,3,1175.3585,14.51059877,0,11,0,0,25.62839506,22.75876543,28.49802469,5.739259259,2.772839506,592.51,735.3137,13.8738434,0,0,0,0,20.5504717,16.85113208,24.24981132,7.398679245,1.911320755,105.36
Li CH,2017,2014,Jiangdu,119.5,32.4,China,Japonica,Wuyunjing23,MN,22.5,FACE,3,1112.8074,14.64220263,0,11,0,0,25.73434211,22.86736842,28.60131579,5.733947368,2.789473684,566.96,759.6051,13.56437679,0,0,0,0,20.94026786,17.37910714,24.50142857,7.122321429,1.983928571,151.58
Wang JQ,2016,2011,Changshu,120.75,31.65,China,Hybrid Japonica,Changyou 5,MN,22.5,AMB,3,1373.1462,16.95242222,1,21,0,0,27.5954321,24.55888889,30.63197531,6.07308642,2.920987654,375.5,646.748,13.19893878,0,0,0,0,19.69591837,16.03836735,23.35346939,7.315102041,1.728571429,84.53
Wang JQ,2016,2011,Changshu,120.75,31.65,China,Hybrid Japonica,Changyou 5,MN,22.5,FACE,3,1348.4092,17.06847089,1,21,0,0,27.67164557,24.64341772,30.69987342,6.056455696,2.930379747,375.09,663.4263,13.00835882,0,0,0,0,19.85843137,16.24843137,23.46843137,7.22,1.756862745,86.27
Wang JQ,2016,2012,Changshu,120.75,31.65,China,Hybrid Japonica,Changyou 5,MN,22.5,AMB,3,1447.9652,17.87611358,0,28,0,0,27.56314815,24.43888889,30.68740741,6.248518519,2.886419753,507.76,822.5211,14.68787679,0,0,0,0,20.58151786,16.51964286,24.64339286,8.12375,1.775,96.77
Wang JQ,2016,2012,Changshu,120.75,31.65,China,Hybrid Japonica,Changyou 5,MN,22.5,FACE,3,1408.4562,17.82855949,0,28,0,0,27.60873418,24.49772152,30.71974684,6.222025316,2.898734177,507.73,861.3131,14.85022586,0,0,0,0,20.775,16.74241379,24.80758621,8.065172414,1.798275862,97.17
Wang JQ,2016,2013,Changshu,120.75,31.65,China,Hybrid Japonica,Changyou 5,MN,22.5,AMB,3,1582.772,19.54039506,27,49,21,17,29.28203704,25.50419753,33.05987654,7.555679012,2.812345679,299.4,727.7264,13.99473846,0,0,0,0,21.67009615,17.75076923,25.58942308,7.838653846,1.930769231,117.2
Wang JQ,2016,2013,Changshu,120.75,31.65,China,Hybrid Japonica,Changyou 5,MN,22.5,FACE,3,1566.045,19.82335443,27,49,21,17,29.47018987,25.65848101,33.28189873,7.623417722,2.830379747,294.55,735.3741,13.61803889,0,0,0,0,21.65064815,17.82648148,25.47481481,7.648333333,1.935185185,124.45
Wang JQ,2016,2014,Changshu,120.75,31.65,China,Hybrid Japonica,Changyou 5,MN,22.5,AMB,3,1169.3782,14.4367679,0,8,0,0,25.93796296,23.03209877,28.84382716,5.811728395,2.807407407,597.86,682.9308,13.13328462,0,0,0,0,20.43769231,16.81211538,24.06326923,7.251153846,1.878846154,93.78
Wang JQ,2016,2014,Changshu,120.75,31.65,China,Hybrid Japonica,Changyou 5,MN,22.5,FACE,3,1144.4052,14.48614177,0,8,0,0,25.96639241,23.04632911,28.8864557,5.840126582,2.813924051,595.43,709.6948,13.1424963,0,0,0,0,20.61481481,17.0212963,24.20833333,7.187037037,1.905555556,96.45
Wang JQ,2016,2014,Changshu,120.75,31.65,China,Hybrid Japonica,Changyou 5,MN,22.5,AMB,3,1161.5088,14.33961481,0,8,0,0,25.88987654,22.97444444,28.80530864,5.830864198,2.807407407,652.64,720.482,13.85542308,0,0,0,0,20.84096154,17.13557692,24.54634615,7.410769231,1.921153846,61.85
Wang JQ,2016,2014,Changshu,120.75,31.65,China,Hybrid Japonica,Changyou 5,MN,22.5,FACE,3,1123.0368,14.2156557,0,8,0,0,25.90088608,22.99924051,28.80253165,5.803291139,2.812658228,652.2,757.666,14.03085185,0,0,0,0,21.0037963,17.30592593,24.70166667,7.395740741,1.944444444,62.34
Zhu CW,2014,2010,Jiangdu,119.5,32.4,China,Japonica,WXJ14,MN,22.5,AMB,3,1393.776,18.33915789,6,27,1,0,28.35644737,25.12421053,31.58868421,6.464473684,2.975,424.73,697.4096,13.41172308,0,0,0,0,21.60682692,18.07519231,25.13846154,7.063269231,2.042307692,135.67
Zhu CW,2014,2010,Jiangdu,119.5,32.4,China,Japonica,WXJ14,MN,22.5,FACE,3,1368.882,18.49840541,6,27,1,0,28.38682432,25.14783784,31.62581081,6.477972973,2.972972973,388.48,696.8879,13.66446863,0,0,0,0,21.99686275,18.47372549,25.52,7.04627451,2.103921569,161.08
Zhu CW,2014,2010,Jiangdu,119.5,32.4,China,Hybrid indica,Shanyou63,MN,22.5,AMB,3,1282.8881,18.86600147,6,27,1,0,28.62977941,25.3525,31.90705882,6.554558824,2.992647059,352.36,508.8473,13.39071842,0,0,0,0,24.22855263,21.19552632,27.26157895,6.066052632,2.478947368,199.91
Zhu CW,2014,2010,Jiangdu,119.5,32.4,China,Hybrid indica,Shanyou63,MN,22.5,FACE,3,1291.699,18.72027536,6,27,1,0,28.57028986,25.31478261,31.8257971,6.511014493,2.986956522,360.86,520.6517,13.70136053,0,0,0,0,24.06618421,20.95631579,27.17605263,6.219736842,2.447368421,183.17
Chen C,2015,2012,Jiangdu,119.5,32.4,China,Indica,Yangdao6,MN,22.5,AMB,3,1346.8484,17.72168947,3,29,0,0,28.01348684,24.74065789,31.28631579,6.545657895,2.838157895,442.57,524.3525,16.38601563,0,0,0,0,22.16046875,18.355625,25.9653125,7.6096875,1.9375,94.69
Chen C,2015,2012,Jiangdu,119.5,32.4,China,Indica,Yangdao6,MN,22.5,FACE,3,1346.8484,17.72168947,3,29,0,0,28.01348684,24.74065789,31.28631579,6.545657895,2.838157895,442.57,524.3525,16.38601563,0,0,0,0,22.16046875,18.355625,25.9653125,7.6096875,1.9375,94.69
Chen C,2015,2013,Jiangdu,119.5,32.4,China,Hybrid indica,IIY084,MN,22.5,AMB,3,1278.5883,19.97794219,19,42,13,9,29.46945313,26.0046875,32.93421875,6.92953125,2.971875,337.72,632.1639,15.05152143,0,5,0,0,24.77416667,21.26880952,28.27952381,7.010714286,2.35952381,122.61
Chen C,2015,2013,Jiangdu,119.5,32.4,China,Hybrid indica,IIY084,MN,22.5,FACE,3,1291.9743,19.87652769,19,43,13,9,29.48207692,26.02969231,32.93446154,6.904769231,2.973846154,338.65,668.5119,15.19345227,0,4,0,0,24.25977273,20.65068182,27.86886364,7.218181818,2.281818182,122.62
Chen C,2015,2013,Jiangdu,119.5,32.4,China,Japonica,Koshihikari,MN,22.5,AMB,3,1442.0651,19.75431644,20,42,13,9,28.75883562,25.24438356,32.27328767,7.02890411,2.884931507,340.02,726.5629,15.45878511,0,6,0,0,24.40659574,20.74638298,28.06680851,7.320425532,2.304255319,126.09
Chen C,2015,2013,Jiangdu,119.5,32.4,China,Japonica,Koshihikari,MN,22.5,FACE,3,1442.0651,19.75431644,20,42,13,9,28.75883562,25.24438356,32.27328767,7.02890411,2.884931507,340.02,726.5629,15.45878511,0,6,0,0,24.40659574,20.74638298,28.06680851,7.320425532,2.304255319,126.09
Chen C,2015,2013,Jiangdu,119.5,32.4,China,Japonica,Zhonghua14,MN,22.5,AMB,3,1340.5396,19.42811014,19,45,13,9,29.41173913,26.01246377,32.81101449,6.798550725,2.972463768,377.17,812.7768,14.77776,0,1,0,0,22.59563636,18.86090909,26.33036364,7.469454545,2.074545455,200.86
Chen C,2015,2013,Jiangdu,119.5,32.4,China,Japonica,Zhonghua14,MN,22.5,FACE,3,1340.5396,19.42811014,19,45,13,9,29.41173913,26.01246377,32.81101449,6.798550725,2.972463768,377.17,812.7768,14.77776,0,1,0,0,22.59563636,18.86090909,26.33036364,7.469454545,2.074545455,200.86
Chen C,2015,2013,Jiangdu,119.5,32.4,China,Japonica,Wuyunjing21,MN,22.5,AMB,3,1558.3154,19.23846173,20,47,13,9,28.90283951,25.44444444,32.36123457,6.916790123,2.886419753,392.34,757.3228,14.28910943,0,0,0,0,20.88330189,17.00830189,24.75830189,7.75,1.886792453,191.72
Chen C,2015,2013,Jiangdu,119.5,32.4,China,Japonica,Wuyunjing21,MN,22.5,FACE,3,1475.1316,19.40962632,20,47,13,9,29.29453947,25.87763158,32.71144737,6.833815789,2.956578947,384.47,826.6668,14.76190714,0,0,0,0,21.39821429,17.51464286,25.28178571,7.767142857,1.910714286,191.74
Chen C,2015,2013,Jiangdu,119.5,32.4,Japan,Indica,Takanari,MN,22.5,AMB,3,1525.3914,19.3087519,20,46,13,9,28.77063291,25.31329114,32.22797468,6.914683544,2.892405063,379.47,704.5889,14.99125319,0,1,0,0,23.35925532,19.63361702,27.08489362,7.451276596,2.178723404,200.11
Chen C,2015,2013,Jiangdu,119.5,32.4,Japan,Indica,Takanari,MN,22.5,FACE,3,1525.3914,19.3087519,20,46,13,9,28.77063291,25.31329114,32.22797468,6.914683544,2.892405063,379.47,704.5889,14.99125319,0,1,0,0,23.35925532,19.63361702,27.08489362,7.451276596,2.178723404,200.11
Tong KC,2020,2016,Jiangdu,119.5,32.4,China,Japonica,Wuyunjing23,MN,22.5,AMB,3,1437.4058,17.74575062,8,28,6,4,27.80549383,24.47320988,31.13777778,6.664567901,2.945679012,680.33,506.77363,9.561766604,0,0,0,0,20.79254717,18.08037736,23.50471698,5.424339623,1.998113208,555.65
Tong KC,2020,2016,Jiangdu,119.5,32.4,China,Japonica,Wuyunjing23,MN,22.5,FACE,3,1366.282,17.97739474,8,28,6,4,27.95348684,24.67210526,31.23486842,6.562763158,2.996052632,679.64,581.15583,10.37778268,0,0,0,0,21.51366071,18.59053571,24.43678571,5.84625,2.042857143,542.02
Lai SK,2014,2011,Jiangdu,119.5,32.4,China,Hybrid indica,Shanyou63,LN,15,AMB,3,1104.214,16.23844118,1,18,0,0,27.43588235,24.49088235,30.38088235,5.89,2.930882353,703.44,526.8682,13.86495263,0,0,0,0,22.80960526,19.70605263,25.91315789,6.207105263,2.155263158,75.19
Lai SK,2014,2011,Jiangdu,119.5,32.4,China,Hybrid indica,Shanyou63,LN,15,FACE,3,1113.2188,16.1336058,1,18,0,0,27.42913043,24.49347826,30.36478261,5.871304348,2.933333333,704.53,530.7672,13.96755789,0,0,0,0,22.54697368,19.41315789,25.68078947,6.267631579,2.110526316,55.95
Lai SK,2014,2011,Jiangdu,119.5,32.4,China,Hybrid indica,Shanyou63,MN,25,AMB,3,1104.214,16.23844118,1,18,0,0,27.43588235,24.49088235,30.38088235,5.89,2.930882353,703.44,526.8682,13.86495263,0,0,0,0,22.80960526,19.70605263,25.91315789,6.207105263,2.155263158,75.19
Lai SK,2014,2011,Jiangdu,119.5,32.4,China,Hybrid indica,Shanyou63,MN,25,FACE,3,1113.2188,16.1336058,1,18,0,0,27.42913043,24.49347826,30.36478261,5.871304348,2.933333333,704.53,530.7672,13.96755789,0,0,0,0,22.54697368,19.41315789,25.68078947,6.267631579,2.110526316,55.95
Kim,2001,1999,Shizukuishi,140.97,39.69,Japan,Japonica,Akitakomachi,LN,4,AMB,4,1197.97,18.15106061,0,0,0,0,16.49015152,12.54030303,20.44,7.89969697,1.528787879,345.04,680.9755,18.40474324,0,0,0,0,22.88608108,18.76621622,27.00594595,8.23972973,2.281081081,151.04
Kim,2001,1999,Shizukuishi,140.97,39.69,Japan,Japonica,Akitakomachi,LN,4,FACE,4,1197.97,18.15106061,0,0,0,0,16.49015152,12.54030303,20.44,7.89969697,1.528787879,345.04,680.9755,18.40474324,0,0,0,0,22.88608108,18.76621622,27.00594595,8.23972973,2.281081081,151.04
Kim,2001,1999,Shizukuishi,140.97,39.69,Japan,Japonica,Akitakomachi,MN,9,AMB,4,1197.97,18.15106061,0,0,0,0,16.49015152,12.54030303,20.44,7.89969697,1.528787879,345.04,673.2842,18.70233889,0,0,0,0,23.03111111,18.86722222,27.195,8.327777778,2.291666667,142.45
Kim,2001,1999,Shizukuishi,140.97,39.69,Japan,Japonica,Akitakomachi,MN,9,FACE,4,1197.97,18.15106061,0,0,0,0,16.49015152,12.54030303,20.44,7.89969697,1.528787879,345.04,673.2842,18.70233889,0,0,0,0,23.03111111,18.86722222,27.195,8.327777778,2.291666667,142.45
Kim,2001,1999,Shizukuishi,140.97,39.69,Japan,Japonica,Akitakomachi,HN,12,AMB,4,1197.97,18.15106061,0,0,0,0,16.49015152,12.54030303,20.44,7.89969697,1.528787879,345.04,680.9755,18.40474324,0,0,0,0,22.88608108,18.76621622,27.00594595,8.23972973,2.281081081,151.04
Kim,2001,1999,Shizukuishi,140.97,39.69,Japan,Japonica,Akitakomachi,HN,12,FACE,4,1197.97,18.15106061,0,0,0,0,16.49015152,12.54030303,20.44,7.89969697,1.528787879,345.04,680.9755,18.40474324,0,0,0,0,22.88608108,18.76621622,27.00594595,8.23972973,2.281081081,151.04
Kim,2003,1998,Shizukuishi,140.97,39.69,Japan,Japonica,Akitakomachi,LN,4,AMB,4,1143.2757,16.81287794,0,0,0,0,16.12779412,12.37647059,19.87911765,7.502647059,1.538235294,342.34,711.2794,13.9466549,0,0,0,0,19.52009804,16.16176471,22.87843137,6.716666667,1.992156863,548.14
Kim,2003,1998,Shizukuishi,140.97,39.69,Japan,Japonica,Akitakomachi,LN,4,FACE,4,1143.2757,16.81287794,0,0,0,0,16.12779412,12.37647059,19.87911765,7.502647059,1.538235294,342.34,711.2794,13.9466549,0,0,0,0,19.52009804,16.16176471,22.87843137,6.716666667,1.992156863,548.14
Kim,2003,1998,Shizukuishi,140.97,39.69,Japan,Japonica,Akitakomachi,MN,9,AMB,4,1143.2757,16.81287794,0,0,0,0,16.12779412,12.37647059,19.87911765,7.502647059,1.538235294,342.34,711.2794,13.9466549,0,0,0,0,19.52009804,16.16176471,22.87843137,6.716666667,1.992156863,548.14
Kim,2003,1998,Shizukuishi,140.97,39.69,Japan,Japonica,Akitakomachi,MN,9,FACE,4,1143.2757,16.81287794,0,0,0,0,16.12779412,12.37647059,19.87911765,7.502647059,1.538235294,342.34,711.2794,13.9466549,0,0,0,0,19.52009804,16.16176471,22.87843137,6.716666667,1.992156863,548.14
Kim,2003,1998,Shizukuishi,140.97,39.69,Japan,Japonica,Akitakomachi,HN,12,AMB,4,1183.5257,16.90751,0,0,0,0,16.33542857,12.569,20.10185714,7.532857143,1.561428571,354.9,723.1432,13.14805818,0,0,0,0,19.34145455,16.02236364,22.66054545,6.638181818,1.981818182,619.87
Kim,2003,1998,Shizukuishi,140.97,39.69,Japan,Japonica,Akitakomachi,HN,12,FACE,4,1183.5257,16.90751,0,0,0,0,16.33542857,12.569,20.10185714,7.532857143,1.561428571,354.9,723.1432,13.14805818,0,0,0,0,19.34145455,16.02236364,22.66054545,6.638181818,1.981818182,619.87
Kim,2003,1999,Shizukuishi,140.97,39.69,Japan,Japonica,Akitakomachi,LN,4,AMB,4,1197.97,18.15106061,0,0,0,0,16.49015152,12.54030303,20.44,7.89969697,1.528787879,345.04,680.9755,18.40474324,0,0,0,0,22.88608108,18.76621622,27.00594595,8.23972973,2.281081081,151.04
Kim,2003,1999,Shizukuishi,140.97,39.69,Japan,Japonica,Akitakomachi,LN,4,FACE,4,1197.97,18.15106061,0,0,0,0,16.49015152,12.54030303,20.44,7.89969697,1.528787879,345.04,680.9755,18.40474324,0,0,0,0,22.88608108,18.76621622,27.00594595,8.23972973,2.281081081,151.04
Kim,2003,1999,Shizukuishi,140.97,39.69,Japan,Japonica,Akitakomachi,MN,9,AMB,4,1197.97,18.15106061,0,0,0,0,16.49015152,12.54030303,20.44,7.89969697,1.528787879,345.04,673.2842,18.70233889,0,0,0,0,23.03111111,18.86722222,27.195,8.327777778,2.291666667,142.45
Kim,2003,1999,Shizukuishi,140.97,39.69,Japan,Japonica,Akitakomachi,MN,9,FACE,4,1197.97,18.15106061,0,0,0,0,16.49015152,12.54030303,20.44,7.89969697,1.528787879,345.04,673.2842,18.70233889,0,0,0,0,23.03111111,18.86722222,27.195,8.327777778,2.291666667,142.45
Kim,2003,1999,Shizukuishi,140.97,39.69,Japan,Japonica,Akitakomachi,HN,15,AMB,4,1197.97,18.15106061,0,0,0,0,16.49015152,12.54030303,20.44,7.89969697,1.528787879,345.04,680.9755,18.40474324,0,0,0,0,22.88608108,18.76621622,27.00594595,8.23972973,2.281081081,151.04
Kim,2003,1999,Shizukuishi,140.97,39.69,Japan,Japonica,Akitakomachi,HN,15,FACE,4,1197.97,18.15106061,0,0,0,0,16.49015152,12.54030303,20.44,7.89969697,1.528787879,345.04,680.9755,18.40474324,0,0,0,0,22.88608108,18.76621622,27.00594595,8.23972973,2.281081081,151.04
Kim,2003,2000,Shizukuishi,140.97,39.69,Japan,Japonica,Akitakomachi,LN,4,AMB,4,1038.5912,18.88347636,0,0,0,0,16.91309091,12.84054545,20.98563636,8.145090909,1.510909091,214.29,817.3769,19.00876512,0,0,0,0,21.94651163,17.72395349,26.16906977,8.445116279,2.141860465,211.62
Kim,2003,2000,Shizukuishi,140.97,39.69,Japan,Japonica,Akitakomachi,LN,4,FACE,4,1038.5912,18.88347636,0,0,0,0,16.91309091,12.84054545,20.98563636,8.145090909,1.510909091,214.29,817.3769,19.00876512,0,0,0,0,21.94651163,17.72395349,26.16906977,8.445116279,2.141860465,211.62
Kim,2003,2000,Shizukuishi,140.97,39.69,Japan,Japonica,Akitakomachi,MN,9,AMB,4,1038.5912,18.88347636,0,0,0,0,16.91309091,12.84054545,20.98563636,8.145090909,1.510909091,214.29,817.3769,19.00876512,0,0,0,0,21.94651163,17.72395349,26.16906977,8.445116279,2.141860465,211.62
Kim,2003,2000,Shizukuishi,140.97,39.69,Japan,Japonica,Akitakomachi,MN,9,FACE,4,1038.5912,18.88347636,0,0,0,0,16.91309091,12.84054545,20.98563636,8.145090909,1.510909091,214.29,817.3769,19.00876512,0,0,0,0,21.94651163,17.72395349,26.16906977,8.445116279,2.141860465,211.62
Kim,2003,2000,Shizukuishi,140.97,39.69,Japan,Japonica,Akitakomachi,HN,15,AMB,4,1038.5912,18.88347636,0,0,0,0,16.91309091,12.84054545,20.98563636,8.145090909,1.510909091,214.29,817.3769,19.00876512,0,0,0,0,21.94651163,17.72395349,26.16906977,8.445116279,2.141860465,211.62
Kim,2003,2000,Shizukuishi,140.97,39.69,Japan,Japonica,Akitakomachi,HN,15,FACE,4,1038.5912,18.88347636,0,0,0,0,16.91309091,12.84054545,20.98563636,8.145090909,1.510909091,214.29,817.3769,19.00876512,0,0,0,0,21.94651163,17.72395349,26.16906977,8.445116279,2.141860465,211.62
Shimono,2009,2003,Shizukuishi,140.97,39.69,Japan,Japonica,Kirara397,MN,8,AMB,4,1265.942,17.10732432,0,0,0,0,16.22290541,12.58554054,19.86027027,7.27472973,1.452702703,340.96,478.4916,12.59188421,0,0,0,0,19.05131579,15.98421053,22.11842105,6.134210526,1.889473684,241.17
Shimono,2009,2003,Shizukuishi,140.97,39.69,Japan,Japonica,Kirara397,MN,8,FACE,4,1265.942,17.10732432,0,0,0,0,16.22290541,12.58554054,19.86027027,7.27472973,1.452702703,340.96,478.4916,12.59188421,0,0,0,0,19.05131579,15.98421053,22.11842105,6.134210526,1.889473684,241.17
Shimono,2009,2003,Shizukuishi,140.97,39.69,Japan,Japonica,Kakehashi,MN,8,AMB,4,1372.1329,16.93991235,0,0,0,0,16.69648148,13.05901235,20.33395062,7.274938272,1.517283951,357,398.8095,11.72969118,0,0,0,0,18.47970588,15.53117647,21.42823529,5.897058824,1.838235294,248.32
Shimono,2009,2003,Shizukuishi,140.97,39.69,Japan,Japonica,Kakehashi,MN,8,FACE,4,1372.1329,16.93991235,0,0,0,0,16.69648148,13.05901235,20.33395062,7.274938272,1.517283951,357,398.8095,11.72969118,0,0,0,0,18.47970588,15.53117647,21.42823529,5.897058824,1.838235294,248.32
Shimono,2009,2003,Shizukuishi,140.97,39.69,Japan,Japonica,Akitakomachi,MN,8,AMB,4,1407.1264,16.75150476,0,0,0,0,16.8239881,13.22071429,20.4272619,7.206547619,1.536904762,389.82,545.4516,12.12114667,0,0,0,0,17.53611111,14.37755556,20.69466667,6.317111111,1.715555556,263.31
Shimono,2009,2003,Shizukuishi,140.97,39.69,Japan,Japonica,Akitakomachi,MN,8,FACE,4,1407.1264,16.75150476,0,0,0,0,16.8239881,13.22071429,20.4272619,7.206547619,1.536904762,389.82,545.4516,12.12114667,0,0,0,0,17.53611111,14.37755556,20.69466667,6.317111111,1.715555556,263.31
Shimono,2009,2003,Shizukuishi,140.97,39.69,Japan,Japonica,Hitomebore,MN,8,AMB,4,1565.2685,15.97212755,0,0,0,0,17.06857143,13.5877551,20.54938776,6.961632653,1.581632653,500.04,397.2912,12.41535,0,0,0,0,17.04046875,13.695,20.3859375,6.6909375,1.659375,159.72
Shimono,2009,2003,Shizukuishi,140.97,39.69,Japan,Japonica,Hitomebore,MN,8,FACE,4,1565.2685,15.97212755,0,0,0,0,17.06857143,13.5877551,20.54938776,6.961632653,1.581632653,500.04,397.2912,12.41535,0,0,0,0,17.04046875,13.695,20.3859375,6.6909375,1.659375,159.72
Shimono,2009,2004,Shizukuishi,140.97,39.69,Japan,Japonica,Kirara397,MN,8,AMB,4,1188.4699,17.73835672,0,0,0,0,16.99955224,13.07462687,20.92447761,7.849850746,1.570149254,446.55,784.7069,17.43793111,0,0,0,0,20.26755556,16.41666667,24.11844444,7.701777778,1.953333333,186.29
Shimono,2009,2004,Shizukuishi,140.97,39.69,Japan,Japonica,Kirara397,MN,8,FACE,4,1188.4699,17.73835672,0,0,0,0,16.99955224,13.07462687,20.92447761,7.849850746,1.570149254,446.55,784.7069,17.43793111,0,0,0,0,20.26755556,16.41666667,24.11844444,7.701777778,1.953333333,186.29
Shimono,2009,2004,Shizukuishi,140.97,39.69,Japan,Japonica,Kakehashi,MN,8,AMB,4,1272.3819,17.92087183,0,0,0,0,17.32866197,13.37591549,21.28140845,7.905492958,1.609859155,462.08,741.4528,16.8512,0,0,0,0,19.94102273,16.19045455,23.69159091,7.501136364,1.915909091,190.74
Shimono,2009,2004,Shizukuishi,140.97,39.69,Japan,Japonica,Kakehashi,MN,8,FACE,4,1272.3819,17.92087183,0,0,0,0,17.32866197,13.37591549,21.28140845,7.905492958,1.609859155,462.08,741.4528,16.8512,0,0,0,0,19.94102273,16.19045455,23.69159091,7.501136364,1.915909091,190.74
Shimono,2009,2004,Shizukuishi,140.97,39.69,Japan,Japonica,Akitakomachi,MN,8,AMB,4,1468.3009,18.1271716,0,0,0,0,18.08938272,14.10432099,22.07444444,7.970123457,1.7,490.07,730.8619,15.22628958,0,0,0,0,18.34072917,14.59125,22.09020833,7.498958333,1.739583333,258.4
Shimono,2009,2004,Shizukuishi,140.97,39.69,Japan,Japonica,Akitakomachi,MN,8,FACE,4,1468.3009,18.1271716,0,0,0,0,18.08938272,14.10432099,22.07444444,7.970123457,1.7,490.07,730.8619,15.22628958,0,0,0,0,18.34072917,14.59125,22.09020833,7.498958333,1.739583333,258.4
Shimono,2009,2004,Shizukuishi,140.97,39.69,Japan,Japonica,Hitomebore,MN,8,AMB,4,1571.9809,18.27884767,0,0,0,0,18.28360465,14.27965116,22.28755814,8.007906977,1.720930233,496.92,643.5089,14.62520227,0,0,0,0,17.87772727,14.16613636,21.58931818,7.423181818,1.686363636,250.79
Shimono,2009,2004,Shizukuishi,140.97,39.69,Japan,Japonica,Hitomebore,MN,8,FACE,4,1571.9809,18.27884767,0,0,0,0,18.28360465,14.27965116,22.28755814,8.007906977,1.720930233,496.92,643.5089,14.62520227,0,0,0,0,17.87772727,14.16613636,21.58931818,7.423181818,1.686363636,250.79
Hasegawa,2013,2010,Tsukuba,140.07,36.08,Japan,Indica,Takanari,MN,9,AMB,4,1363.4978,18.67805205,0,0,0,0,24.21636986,20.47383562,27.95890411,7.485068493,2.354794521,396.54,801.5241,19.08390714,3,2,0,0,28.01988095,24.18285714,31.85690476,7.674047619,2.730952381,163.51
Hasegawa,2013,2010,Tsukuba,140.07,36.08,Japan,Indica,Takanari,MN,9,FACE,4,1315.4998,18.5281662,0,0,0,0,24.0915493,20.33859155,27.84450704,7.505915493,2.33943662,396.2,820.7131,19.5407881,3,2,0,0,28.26357143,24.40119048,32.12595238,7.724761905,2.769047619,156.98
Hasegawa,2013,2010,Tsukuba,140.07,36.08,Japan,Japonica,Aikoku,MN,9,AMB,4,1214.5908,18.68601231,0,0,0,0,23.76553846,19.93984615,27.59123077,7.651384615,2.283076923,344.06,868.0471,19.28993556,3,2,0,0,28.20311111,24.49666667,31.90955556,7.412888889,2.793333333,201.55
Hasegawa,2013,2010,Tsukuba,140.07,36.08,Japan,Japonica,Aikoku,MN,9,FACE,4,1189.5148,18.58616875,0,0,0,0,23.70117188,19.8740625,27.52828125,7.65421875,2.2765625,343.9,870.5111,19.34469111,3,2,0,0,28.28233333,24.58444444,31.98022222,7.395777778,2.806666667,201.56
Hasegawa,2013,2010,Tsukuba,140.07,36.08,Japan,Japonica,Akidawara,MN,9,AMB,4,1410.1808,18.80241067,0,0,0,0,24.31253333,20.57306667,28.052,7.478933333,2.364,397.25,781.507,18.60730952,3,2,0,0,27.74904762,23.88428571,31.61380952,7.72952381,2.697619048,194.99
Hasegawa,2013,2010,Tsukuba,140.07,36.08,Japan,Japonica,Akidawara,MN,9,FACE,4,1384.8608,18.71433514,0,0,0,0,24.26736486,20.53094595,28.00378378,7.472837838,2.360810811,397.25,783.46,18.65380952,3,2,0,0,27.86869048,24.04095238,31.69642857,7.65547619,2.714285714,195.7
Hasegawa,2013,2010,Tsukuba,140.07,36.08,Japan,Japonica,Akihikari,MN,9,AMB,4,1046.4248,18.0418069,0,0,0,0,23.15137931,19.37948276,26.92327586,7.543793103,2.213793103,327.47,844.1339,20.09842619,1,1,0,0,28.31178571,24.64190476,31.98166667,7.339761905,2.869047619,182.58
Hasegawa,2013,2010,Tsukuba,140.07,36.08,Japan,Japonica,Akihikari,MN,9,FACE,4,1021.1738,17.91532982,0,0,0,0,23.04114035,19.28350877,26.79877193,7.515263158,2.203508772,327.41,847.0469,20.16778333,1,1,0,0,28.30357143,24.63666667,31.97047619,7.333809524,2.871428571,182.66
Hasegawa,2013,2010,Tsukuba,140.07,36.08,Japan,Japonica,Akita 63,MN,9,AMB,4,1189.5148,18.58616875,0,0,0,0,23.70117188,19.8740625,27.52828125,7.65421875,2.2765625,343.9,822.5679,19.58495,2,2,0,0,28.41321429,24.71904762,32.10738095,7.388333333,2.835714286,166.63
Hasegawa,2013,2010,Tsukuba,140.07,36.08,Japan,Japonica,Akita 63,MN,9,FACE,4,1166.6418,18.51812381,0,0,0,0,23.62626984,19.79730159,27.4552381,7.657936508,2.268253968,343.89,825.9259,19.66490238,2,1,0,0,28.35607143,24.6597619,32.05238095,7.392619048,2.835714286,167.97
Hasegawa,2013,2010,Tsukuba,140.07,36.08,Japan,Japonica,Akitakomachi,MN,9,AMB,4,1121.0568,18.37798033,0,0,0,0,23.4752459,19.65901639,27.29147541,7.632459016,2.250819672,329.33,940.4551,19.59281458,3,2,0,0,28.31614583,24.57916667,32.053125,7.473958333,2.810416667,216.77
Hasegawa,2013,2010,Tsukuba,140.07,36.08,Japan,Japonica,Akitakomachi,MN,9,AMB,4,1121.0568,18.37798033,0,0,0,0,23.4752459,19.65901639,27.29147541,7.632459016,2.250819672,329.33,940.4551,19.59281458,3,2,0,0,28.31614583,24.57916667,32.053125,7.473958333,2.810416667,216.77
Hasegawa,2013,2010,Tsukuba,140.07,36.08,Japan,Japonica,Akitakomachi,MN,9,AMB,4,1121.0568,18.37798033,0,0,0,0,23.4752459,19.65901639,27.29147541,7.632459016,2.250819672,329.33,940.4551,19.59281458,3,2,0,0,28.31614583,24.57916667,32.053125,7.473958333,2.810416667,216.77
Hasegawa,2013,2010,Tsukuba,140.07,36.08,Japan,Japonica,Akitakomachi,MN,9,AMB,4,1121.0568,18.37798033,0,0,0,0,23.4752459,19.65901639,27.29147541,7.632459016,2.250819672,329.33,940.4551,19.59281458,3,2,0,0,28.31614583,24.57916667,32.053125,7.473958333,2.810416667,216.77
Hasegawa,2013,2010,Tsukuba,140.07,36.08,Japan,Japonica,Akitakomachi,MN,9,FACE,4,1072.0528,18.17038644,0,0,0,0,23.25644068,19.46423729,27.04864407,7.58440678,2.225423729,327.65,964.7309,20.09856042,3,2,0,0,28.52895833,24.72354167,32.334375,7.610833333,2.8375,183.29
Hasegawa,2013,2010,Tsukuba,140.07,36.08,Japan,Japonica,Akitakomachi,MN,9,FACE,4,1072.0528,18.17038644,0,0,0,0,23.25644068,19.46423729,27.04864407,7.58440678,2.225423729,327.65,964.7309,20.09856042,3,2,0,0,28.52895833,24.72354167,32.334375,7.610833333,2.8375,183.29
Hasegawa,2013,2010,Tsukuba,140.07,36.08,Japan,Japonica,Akitakomachi,MN,9,FACE,4,1072.0528,18.17038644,0,0,0,0,23.25644068,19.46423729,27.04864407,7.58440678,2.225423729,327.65,964.7309,20.09856042,3,2,0,0,28.52895833,24.72354167,32.334375,7.610833333,2.8375,183.29
Hasegawa,2013,2010,Tsukuba,140.07,36.08,Japan,Japonica,Akitakomachi,MN,9,FACE,4,1072.0528,18.17038644,0,0,0,0,23.25644068,19.46423729,27.04864407,7.58440678,2.225423729,327.65,964.7309,20.09856042,3,2,0,0,28.52895833,24.72354167,32.334375,7.610833333,2.8375,183.29
Hasegawa,2013,2010,Tsukuba,140.07,36.08,Japan,Japonica,Koshihikari,MN,9,AMB,4,1257.1448,18.48742353,0,0,0,0,23.89242647,20.11735294,27.6675,7.550147059,2.310294118,393.19,819.4641,19.51105,3,2,0,0,28.31952381,24.54119048,32.09785714,7.556666667,2.795238095,155.56
Hasegawa,2013,2010,Tsukuba,140.07,36.08,Japan,Japonica,Koshihikari,MN,9,FACE,4,1225.0638,18.56157273,0,0,0,0,23.78825758,19.99106061,27.58545455,7.594393939,2.289393939,369.66,801.9171,19.09326429,3,2,0,0,28.38011905,24.67142857,32.08880952,7.417380952,2.828571429,200.68
Hasegawa,2013,2010,Tsukuba,140.07,36.08,Japan,Japonica,Norin 8,MN,9,AMB,4,1490.3797,18.62974625,0,0,0,0,24.4895,20.811375,28.167625,7.35625,2.39625,486.76,693.1481,18.73373243,3,2,0,0,27.83283784,23.86108108,31.80459459,7.943513514,2.683783784,110.87
Hasegawa,2013,2010,Tsukuba,140.07,36.08,Japan,Japonica,Norin 8,MN,9,FACE,4,1457.3397,18.68384231,0,0,0,0,24.41185897,20.70423077,28.11948718,7.41525641,2.382051282,480.72,700.4452,18.93095135,3,2,0,0,28.06445946,24.15675676,31.97216216,7.815405405,2.724324324,103.99
Hasegawa,2013,2007,Shizukuishi,140.97,39.69,Japan,Japonica,Akitakomachi,MN,9,AMB,4,1190.3144,19.51335082,0,0,0,0,16.305,12.23590164,20.37409836,8.138196721,1.483606557,241.58,780.852,16.26775,0,0,0,0,20.54625,16.6475,24.445,7.7975,2.0125,207.99
Hasegawa,2013,2008,Shizukuishi,140.97,39.69,Japan,Japonica,Akitakomachi,MN,9,AMB,4,1144.5821,18.76364098,0,0,0,0,16.52172131,12.46754098,20.57590164,8.108360656,1.47704918,167.29,701.7644,14.62009167,0,0,0,0,20.17375,16.69770833,23.64979167,6.952083333,2,297.35
Hasegawa,2013,2010,Shizukuishi,140.97,39.69,Japan,Japonica,Akitakomachi,MN,9,AMB,4,1070.9222,17.55610164,0,0,0,0,17.61483607,13.7704918,21.45918033,7.688688525,1.673770492,350.44,838.7919,17.47483125,0,0,0,0,22.85541667,19.106875,26.60395833,7.497083333,2.3375,199.07
Hasegawa,2013,2007,Shizukuishi,140.97,39.69,Japan,Japonica,Akitakomachi,MN,9,FACE,4,1174.8799,19.91321864,0,0,0,0,16.24194915,12.10559322,20.37830508,8.272711864,1.469491525,233.72,788.634,16.429875,0,0,0,0,20.38177083,16.51770833,24.24583333,7.728125,1.985416667,199.6
Hasegawa,2013,2008,Shizukuishi,140.97,39.69,Japan,Japonica,Akitakomachi,MN,9,FACE,4,1112.2291,18.85134068,0,0,0,0,16.37677966,12.29966102,20.45389831,8.154237288,1.457627119,165.08,708.9994,14.77082083,0,0,0,0,20.15614583,16.67708333,23.63520833,6.958125,1.989583333,297.04
Hasegawa,2013,2010,Shizukuishi,140.97,39.69,Japan,Japonica,Akitakomachi,MN,9,FACE,4,1033.0032,17.50852881,0,0,0,0,17.44805085,13.60118644,21.29491525,7.693728814,1.654237288,348.08,836.2149,17.42114375,0,0,0,0,22.8228125,19.13979167,26.50583333,7.366041667,2.34375,201.1
Hasegawa,2013,2007,Shizukuishi,140.97,39.69,Japan,Japonica,Akita 63,MN,9,AMB,4,1246.7254,19.48008438,0,0,0,0,16.465,12.415625,20.514375,8.09875,1.5,242.1,708.4845,16.86867857,0,0,0,0,20.5572619,16.58571429,24.52880952,7.943095238,1.997619048,188.99
Hasegawa,2013,2008,Shizukuishi,140.97,39.69,Japan,Japonica,Akita 63,MN,9,AMB,4,1174.4615,18.35096094,0,0,0,0,16.73101563,12.74265625,20.719375,7.97671875,1.515625,208.35,615.2324,14.64839048,0,0,0,0,20.00404762,16.52119048,23.48690476,6.965714286,1.969047619,261.93
Hasegawa,2013,2010,Shizukuishi,140.97,39.69,Japan,Japonica,Akita 63,MN,9,AMB,4,1127.7692,17.62139375,0,0,0,0,17.85507813,14.03,21.68015625,7.65015625,1.7046875,358.27,715.6469,17.0392119,0,0,0,0,22.88,19.22166667,26.53833333,7.316666667,2.35952381,195.26
Hasegawa,2013,2007,Shizukuishi,140.97,39.69,Japan,Japonica,Akita 63,MN,9,FACE,4,1220.3964,19.37137143,0,0,0,0,16.40769841,12.36095238,20.45444444,8.093492063,1.496825397,242.06,708.9765,16.88039286,0,0,0,0,20.54833333,16.6152381,24.48142857,7.866190476,1.995238095,187.31
Hasegawa,2013,2008,Shizukuishi,140.97,39.69,Japan,Japonica,Akita 63,MN,9,FACE,4,1169.2021,18.55876349,0,0,0,0,16.67785714,12.65333333,20.70238095,8.049047619,1.503174603,197.53,616.2364,14.67229524,0,0,0,0,20.00369048,16.52452381,23.48285714,6.958333333,1.969047619,278.91
Hasegawa,2013,2010,Shizukuishi,140.97,39.69,Japan,Japonica,Akita 63,MN,9,FACE,4,1113.8542,17.6802254,0,0,0,0,17.78134921,13.94047619,21.62222222,7.681746032,1.693650794,353.15,718.0779,17.09709286,0,0,0,0,22.87238095,19.22261905,26.52214286,7.29952381,2.35952381,194.42
Hasegawa,2013,2007,Shizukuishi,140.97,39.69,Japan,Japonica,Koshihikari,MN,9,AMB,4,1343.0324,19.75047647,0,0,0,0,16.69022059,12.59735294,20.78308824,8.185735294,1.519117647,246.6,640.4548,15.24892381,0,0,0,0,20.64452381,16.84047619,24.44857143,7.608095238,2.052380952,248.41
Hasegawa,2013,2008,Shizukuishi,140.97,39.69,Japan,Japonica,Koshihikari,MN,9,AMB,4,1236.0514,18.17722647,0,0,0,0,16.97823529,13.02470588,20.93176471,7.907058824,1.548529412,231.43,612.1664,14.57539048,0,0,0,0,20.02321429,16.525,23.52142857,6.996428571,1.978571429,253.54
Hasegawa,2013,2010,Shizukuishi,140.97,39.69,Japan,Japonica,Koshihikari,MN,9,AMB,4,1201.2252,17.66507647,0,0,0,0,18.08588235,14.28985294,21.88191176,7.592058824,1.733823529,377.39,716.0745,17.04939286,0,0,0,0,22.89857143,19.12428571,26.67285714,7.548571429,2.345238095,178.26
Hasegawa,2013,2007,Shizukuishi,140.97,39.69,Japan,Japonica,Koshihikari,MN,9,FACE,4,1302.6584,19.73724848,0,0,0,0,16.59492424,12.50181818,20.6880303,8.186212121,1.507575758,242.18,679.1175,16.16946429,0,0,0,0,20.61892857,16.69547619,24.54238095,7.846904762,2.023809524,204.46
Hasegawa,2013,2008,Shizukuishi,140.97,39.69,Japan,Japonica,Koshihikari,MN,9,FACE,4,1209.0775,18.31935606,0,0,0,0,16.85409091,12.87090909,20.83727273,7.966363636,1.53030303,214.8,626.352,14.91314286,0,0,0,0,20.05333333,16.50785714,23.59880952,7.090952381,1.971428571,248.23
Hasegawa,2013,2010,Shizukuishi,140.97,39.69,Japan,Japonica,Koshihikari,MN,9,FACE,4,1162.8202,17.61848788,0,0,0,0,17.96060606,14.16075758,21.76045455,7.59969697,1.718181818,369.7,727.3559,17.31799762,0,0,0,0,22.89714286,19.13452381,26.6597619,7.525238095,2.347619048,180.15
Hasegawa,2013,2007,Shizukuishi,140.97,39.69,Japan,Indica,Takanari,MN,9,AMB,4,1441.7394,19.74985479,0,0,0,0,16.915,12.79452055,21.03547945,8.240958904,1.539726027,252.75,613.4051,14.60488333,0,0,0,0,20.68785714,16.95071429,24.425,7.474285714,2.080952381,267.96
Hasegawa,2013,2008,Shizukuishi,140.97,39.69,Japan,Indica,Takanari,MN,9,AMB,4,1301.7997,17.8328726,0,0,0,0,17.19609589,13.31780822,21.07438356,7.756575342,1.583561644,239.36,639.5706,15.22787143,0,0,0,0,19.76047619,16.03285714,23.48809524,7.455238095,1.923809524,241.09
Hasegawa,2013,2010,Shizukuishi,140.97,39.69,Japan,Indica,Takanari,MN,9,AMB,4,1266.2307,17.34562603,0,0,0,0,18.37794521,14.65945205,22.09643836,7.436986301,1.776712329,410.05,725.6559,17.27752143,0,0,0,0,22.45761905,18.51952381,26.39571429,7.876190476,2.266666667,224.85
Hasegawa,2013,2007,Shizukuishi,140.97,39.69,Japan,Indica,Takanari,MN,9,FACE,4,1392.1374,19.60756901,0,0,0,0,16.78091549,12.71929577,20.84253521,8.123239437,1.526760563,252.75,634.3108,15.1026381,0,0,0,0,20.74714286,16.90619048,24.58809524,7.681904762,2.078571429,259.17
Hasegawa,2013,2008,Shizukuishi,140.97,39.69,Japan,Indica,Takanari,MN,9,FACE,4,1277.9894,17.9998507,0,0,0,0,17.10014085,13.19464789,21.0056338,7.810985915,1.566197183,236.58,645.5185,15.3694881,0,0,0,0,19.90309524,16.21261905,23.59357143,7.380952381,1.942857143,233.51
Hasegawa,2013,2010,Shizukuishi,140.97,39.69,Japan,Indica,Takanari,MN,9,FACE,4,1228.9997,17.30985493,0,0,0,0,18.23485915,14.50183099,21.96788732,7.466056338,1.75915493,405.37,741.8355,17.66275,0,0,0,0,22.6852381,18.73380952,26.63666667,7.902857143,2.292857143,154.03
Usui,2014,2012,Tsukuba,140.07,36.08,Japan,Japonica,Akitakomachi,MN,8,AMB,4,1145.505,17.89851563,0,0,0,0,21.87640625,18.17359375,25.57921875,7.405625,2.0609375,333.14,931.4945,19.40613542,0,0,0,0,27.409375,23.40916667,31.40958333,8.000416667,2.76875,125.32
Usui,2014,2012,Tsukuba,140.07,36.08,Japan,Japonica,Kinuhikari,MN,8,AMB,4,1231.386,18.10861765,0,0,0,0,22.28779412,18.54632353,26.02926471,7.482941176,2.116176471,337.17,807.8365,19.23420238,0,0,0,0,27.30333333,23.37285714,31.23380952,7.860952381,2.754761905,121.35
Usui,2014,2012,Tsukuba,140.07,36.08,Japan,Japonica,Koshihikari,MN,8,AMB,4,1281.024,18.30034286,0,0,0,0,22.45328571,18.69842857,26.20814286,7.509714286,2.134285714,337.21,804.0925,19.14505952,0,0,0,0,27.24666667,23.29738095,31.19595238,7.898571429,2.742857143,120.6
Usui,2014,2012,Tsukuba,140.07,36.08,Japan,Japonica,Nipponbare,MN,8,AMB,4,1385.202,18.46936,0,0,0,0,22.81426667,19.0476,26.58093333,7.533333333,2.181333333,342.05,751.0295,18.7757375,0,0,0,0,27.12425,23.1475,31.101,7.9535,2.7225,119.09
Usui,2014,2012,Tsukuba,140.07,36.08,Japan,Japonica,Matsuribare,MN,8,AMB,4,1396.611,18.37646053,0,0,0,0,22.86052632,19.11276316,26.60828947,7.495526316,2.190789474,348.71,777.4475,18.51065476,0,0,0,0,27.06107143,23.11,31.01214286,7.902142857,2.719047619,128.08
Usui,2014,2012,Tsukuba,140.07,36.08,Japan,Japonica,Mineharuka,MN,8,AMB,4,1231.386,18.10861765,0,0,0,0,22.28779412,18.54632353,26.02926471,7.482941176,2.116176471,337.17,807.8365,19.23420238,0,0,0,0,27.30333333,23.37285714,31.23380952,7.860952381,2.754761905,121.35
Usui,2014,2012,Tsukuba,140.07,36.08,Japan,Japonica,Toyama 80,MN,8,AMB,4,1254.043,18.17453623,0,0,0,0,22.37695652,18.63318841,26.12072464,7.487536232,2.126086957,337.2,806.2135,19.19555952,0,0,0,0,27.2722619,23.32738095,31.21714286,7.889761905,2.747619048,120.57
Usui,2014,2012,Tsukuba,140.07,36.08,Japan,Japonica,Eminokizuna,MN,8,AMB,4,1254.043,18.17453623,0,0,0,0,22.37695652,18.63318841,26.12072464,7.487536232,2.126086957,337.2,806.2135,19.19555952,0,0,0,0,27.2722619,23.32738095,31.21714286,7.889761905,2.747619048,120.57
Usui,2014,2012,Tsukuba,140.07,36.08,Japan,Japonica,Wa2398,MN,8,AMB,4,1254.043,18.17453623,0,0,0,0,22.37695652,18.63318841,26.12072464,7.487536232,2.126086957,337.2,806.2135,19.19555952,0,0,0,0,27.2722619,23.32738095,31.21714286,7.889761905,2.747619048,120.57
Usui,2014,2012,Tsukuba,140.07,36.08,Japan,Japonica,Kanto 257,MN,8,AMB,4,1281.024,18.30034286,0,0,0,0,22.45328571,18.69842857,26.20814286,7.509714286,2.134285714,337.21,804.0925,19.14505952,0,0,0,0,27.24666667,23.29738095,31.19595238,7.898571429,2.742857143,120.6
Usui,2014,2012,Tsukuba,140.07,36.08,Japan,Japonica,Kanto 259,MN,8,AMB,4,1364.004,18.43248649,0,0,0,0,22.7425,18.98391892,26.50108108,7.517162162,2.171621622,340.98,786.4615,18.72527381,0,0,0,0,27.1222619,23.15642857,31.08809524,7.931666667,2.723809524,120.98
Usui,2014,2012,Tsukuba,140.07,36.08,Japan,Japonica,Saikai 290,MN,8,AMB,4,1385.202,18.46936,0,0,0,0,22.81426667,19.0476,26.58093333,7.533333333,2.181333333,342.05,785.4735,18.70175,0,0,0,0,27.105,23.14238095,31.06761905,7.925238095,2.721428571,126.18
Usui,2014,2012,Tsukuba,140.07,36.08,Japan,Japonica,Akitakomachi,MN,8,FACE,4,1103.801,17.80324194,0,0,0,0,21.72298387,18.06322581,25.38274194,7.319516129,2.038709677,332.43,932.2095,19.42103125,0,0,0,0,27.30708333,23.288125,31.32604167,8.037916667,2.7625,125.87
Usui,2014,2012,Tsukuba,140.07,36.08,Japan,Japonica,Kinuhikari,MN,8,FACE,4,1231.386,18.10861765,0,0,0,0,22.28779412,18.54632353,26.02926471,7.482941176,2.116176471,337.17,807.8365,19.23420238,0,0,0,0,27.30333333,23.37285714,31.23380952,7.860952381,2.754761905,121.35
Usui,2014,2012,Tsukuba,140.07,36.08,Japan,Japonica,Koshihikari,MN,8,FACE,4,1254.043,18.17453623,0,0,0,0,22.37695652,18.63318841,26.12072464,7.487536232,2.126086957,337.2,806.2135,19.19555952,0,0,0,0,27.2722619,23.32738095,31.21714286,7.889761905,2.747619048,120.57
Usui,2014,2012,Tsukuba,140.07,36.08,Japan,Japonica,Nipponbare,MN,8,FACE,4,1364.004,18.43248649,0,0,0,0,22.7425,18.98391892,26.50108108,7.517162162,2.171621622,340.98,747.5725,18.6893125,0,0,0,0,27.129125,23.18925,31.069,7.87975,2.73,120.25
Usui,2014,2012,Tsukuba,140.07,36.08,Japan,Japonica,Matsuribare,MN,8,FACE,4,1385.202,18.46936,0,0,0,0,22.81426667,19.0476,26.58093333,7.533333333,2.181333333,342.05,785.4735,18.70175,0,0,0,0,27.105,23.14238095,31.06761905,7.925238095,2.721428571,126.18
Usui,2014,2012,Tsukuba,140.07,36.08,Japan,Japonica,Mineharuka,MN,8,FACE,4,1211.273,18.07870149,0,0,0,0,22.19529851,18.44895522,25.94164179,7.492686567,2.102985075,336.19,812.2855,19.34013095,0,0,0,0,27.36095238,23.40714286,31.3147619,7.907619048,2.761904762,120.7
Usui,2014,2012,Tsukuba,140.07,36.08,Japan,Japonica,Toyama 80,MN,8,FACE,4,1231.386,18.10861765,0,0,0,0,22.28779412,18.54632353,26.02926471,7.482941176,2.116176471,337.17,807.8365,19.23420238,0,0,0,0,27.30333333,23.37285714,31.23380952,7.860952381,2.754761905,121.35
Usui,2014,2012,Tsukuba,140.07,36.08,Japan,Japonica,Eminokizuna,MN,8,FACE,4,1254.043,18.17453623,0,0,0,0,22.37695652,18.63318841,26.12072464,7.487536232,2.126086957,337.2,806.2135,19.19555952,0,0,0,0,27.2722619,23.32738095,31.21714286,7.889761905,2.747619048,120.57
Usui,2014,2012,Tsukuba,140.07,36.08,Japan,Japonica,Wa2398,MN,8,FACE,4,1254.043,18.17453623,0,0,0,0,22.37695652,18.63318841,26.12072464,7.487536232,2.126086957,337.2,806.2135,19.19555952,0,0,0,0,27.2722619,23.32738095,31.21714286,7.889761905,2.747619048,120.57
Usui,2014,2012,Tsukuba,140.07,36.08,Japan,Japonica,Kanto 257,MN,8,FACE,4,1281.024,18.30034286,0,0,0,0,22.45328571,18.69842857,26.20814286,7.509714286,2.134285714,337.21,804.0925,19.14505952,0,0,0,0,27.24666667,23.29738095,31.19595238,7.898571429,2.742857143,120.6
Usui,2014,2012,Tsukuba,140.07,36.08,Japan,Japonica,Kanto 259,MN,8,FACE,4,1364.004,18.43248649,0,0,0,0,22.7425,18.98391892,26.50108108,7.517162162,2.171621622,340.98,786.4615,18.72527381,0,0,0,0,27.1222619,23.15642857,31.08809524,7.931666667,2.723809524,120.98
Usui,2014,2012,Tsukuba,140.07,36.08,Japan,Japonica,Saikai 290,MN,8,FACE,4,1385.202,18.46936,0,0,0,0,22.81426667,19.0476,26.58093333,7.533333333,2.181333333,342.05,785.4735,18.70175,0,0,0,0,27.105,23.14238095,31.06761905,7.925238095,2.721428571,126.18
Zhang GY,2015,2010,Shizukuishi,140.97,39.69,Japan,Japonica,Akita 63,MN,8,AMB,4,1130.5633,17.66505156,0,0,0,0,18.21726563,14.4315625,22.00296875,7.57140625,1.7484375,349.57,725.9529,17.28459286,0,0,0,0,22.93083333,19.14,26.72166667,7.581666667,2.35,179.61
Zhang GY,2015,2010,Shizukuishi,140.97,39.69,Japan,Japonica,Akita 63,MN,8,FACE,4,1130.5633,17.66505156,0,0,0,0,18.21726563,14.4315625,22.00296875,7.57140625,1.7484375,349.57,725.9529,17.28459286,0,0,0,0,22.93083333,19.14,26.72166667,7.581666667,2.35,179.61
Zhang GY,2015,2010,Shizukuishi,140.97,39.69,Japan,Japonica,Koshihikari,MN,8,AMB,4,1179.8068,17.3501,0,0,0,0,18.43397059,14.71102941,22.15691176,7.445882353,1.780882353,378.38,719.4545,17.54767073,0,0,0,0,22.7702439,18.85365854,26.68682927,7.833170732,2.309756098,154.03
Zhang GY,2015,2010,Shizukuishi,140.97,39.69,Japan,Japonica,Koshihikari,MN,8,FACE,4,1171.0883,17.47892985,0,0,0,0,18.38313433,14.63507463,22.13119403,7.496119403,1.771641791,373.8,728.6757,17.34942143,0,0,0,0,22.73797619,18.86285714,26.61309524,7.750238095,2.30952381,168.28
Zhang GY,2015,2010,Shizukuishi,140.97,39.69,Japan,Indica,Takanari,MN,8,AMB,4,1274.0508,17.45275068,0,0,0,0,18.80089041,15.08328767,22.51849315,7.435205479,1.824657534,387.12,715.808,17.04304762,0,0,0,0,22.02238095,18.04190476,26.00285714,7.960952381,2.207142857,268
Zhang GY,2015,2010,Shizukuishi,140.97,39.69,Japan,Indica,Takanari,MN,8,FACE,4,1252.9028,17.40142778,0,0,0,0,18.71673611,15.01125,22.42222222,7.410972222,1.815277778,386.99,715.348,17.03209524,0,0,0,0,22.18428571,18.24428571,26.12428571,7.88,2.233333333,270.06
Zhang GY,2015,2011,Shizukuishi,140.97,39.69,Japan,Japonica,Akita 63,MN,8,AMB,4,1301.8713,18.59816143,0,0,0,0,17.67878571,13.76685714,21.59071429,7.823857143,1.685714286,326.43,613.977,14.6185,0,0,0,0,20.9027381,17.52119048,24.28428571,6.763095238,2.116666667,169.16
Zhang GY,2015,2011,Shizukuishi,140.97,39.69,Japan,Japonica,Akita 63,MN,8,FACE,4,1289.4673,18.68793188,0,0,0,0,17.67072464,13.74217391,21.59927536,7.857101449,1.685507246,326.18,619.389,14.74735714,0,0,0,0,20.90154762,17.51285714,24.2902381,6.777380952,2.111904762,168.58
Zhang GY,2015,2011,Shizukuishi,140.97,39.69,Japan,Japonica,Koshihikari,MN,8,AMB,4,1331.1963,18.4888375,0,0,0,0,17.74194444,13.83972222,21.64416667,7.804444444,1.693055556,327.59,605.148,14.75970732,0,0,0,0,21.01402439,17.59341463,24.43463415,6.841219512,2.134146341,172.88
Zhang GY,2015,2011,Shizukuishi,140.97,39.69,Japan,Japonica,Koshihikari,MN,8,FACE,4,1311.9913,18.4787507,0,0,0,0,17.69507042,13.7971831,21.59295775,7.795774648,1.687323944,326.67,615.268,14.6492381,0,0,0,0,20.96214286,17.55357143,24.37071429,6.817142857,2.126190476,173.12
Zhang GY,2015,2011,Shizukuishi,140.97,39.69,Japan,Indica,Takanari,MN,8,AMB,4,1455.4193,18.65922179,0,0,0,0,18.17282051,14.23679487,22.10884615,7.872051282,1.743589744,341.09,550.0098,13.09547143,0,0,0,0,20.57309524,17.31928571,23.82690476,6.507619048,2.097619048,229.44
Zhang GY,2015,2011,Shizukuishi,140.97,39.69,Japan,Indica,Takanari,MN,8,FACE,4,1415.4033,18.62372763,0,0,0,0,18.03296053,14.10618421,21.95973684,7.853552632,1.727631579,334.23,578.918,13.7837619,0,0,0,0,20.83130952,17.52452381,24.13809524,6.613571429,2.123809524,203.22
Usui,2016,2010,Tsukuba,140.07,36.08,Japan,Japonica,Koshihikari,MN,8,AMB,4,1227.753,18.32467164,0,0,0,0,23.71328358,19.92731343,27.49925373,7.571940299,2.285074627,392.99,822.5621,19.12935116,3,2,0,0,28.28837209,24.59162791,31.98511628,7.393488372,2.809302326,201.39
Usui,2016,2011,Tsukuba,140.07,36.08,Japan,Japonica,Koshihikari,MN,8,FACE,4,1175.0487,17.80376818,0,0,0,0,23.38848485,19.56393939,27.2130303,7.649090909,2.227272727,324.1,728.9106,16.56615,1,0,0,0,26.29181818,22.90318182,29.68045455,6.777272727,2.709090909,343.81
Usui,2016,2012,Tsukuba,140.07,36.08,Japan,Japonica,Koshihikari,MN,8,AMB,4,1326.618,18.42525,0,0,0,0,22.74111111,18.98916667,26.49305556,7.503888889,2.172222222,339.77,769.8165,18.7760122,0,0,0,0,27.14390244,23.21512195,31.07268293,7.857560976,2.731707317,121.23
Usui,2016,2010,Tsukuba,140.07,36.08,Japan,Japonica,Koshihikari,MN,8,FACE,4,1295.771,18.25029577,0,0,0,0,23.95478873,20.20295775,27.70661972,7.503661972,2.326760563,419.48,821.7911,19.56645476,3,2,0,0,28.27166667,24.4447619,32.09857143,7.653809524,2.776190476,150.9
Usui,2016,2011,Tsukuba,140.07,36.08,Japan,Japonica,Koshihikari,MN,8,AMB,4,1238.1895,17.43928873,0,0,0,0,23.4821831,19.71478873,27.24957746,7.534788732,2.243661972,395.9,666.9608,17.10155897,1,0,0,0,26.43538462,22.98538462,29.88538462,6.9,2.730769231,258.52
Usui,2016,2012,Tsukuba,140.07,36.08,Japan,Japonica,Koshihikari,MN,8,FACE,4,1281.311,18.30444286,0,0,0,0,22.58028571,18.83185714,26.32871429,7.496857143,2.152857143,338.3,756.5755,18.9143875,0,0,0,0,27.231875,23.30025,31.1635,7.86325,2.7475,120.53
Zhou J,2020,2014,Jiangdu,119.5,32.4,China,Japonica,Wuyunjing21,MN,15,AMB,3,926.0411,15.18100164,0,11,0,0,26.04213115,23.14918033,28.93508197,5.785901639,2.827868852,478.93,598.9424,12.22331429,0,0,0,0,23.31438776,20.48346939,26.14530612,5.661836735,2.395918367,219.66
Zhou J,2020,2014,Jiangdu,119.5,32.4,China,Japonica,Wuyunjing21,MN,15,FACE,3,901.786,15.28450847,0,11,0,0,26.12288136,23.21084746,29.03491525,5.824067797,2.837288136,416.8,562.9801,11.72875208,0,0,0,0,23.58,20.90854167,26.25145833,5.342916667,2.441666667,315.86
Zhou J,2020,2014,Jiangdu,119.5,32.4,China,Japonica,Yangfugeng8,MN,15,AMB,3,1017.0734,14.95696176,0,11,0,0,25.85492647,22.98397059,28.72588235,5.741911765,2.801470588,498.18,734.6181,13.35669273,0,0,0,0,21.97672727,18.72436364,25.22909091,6.504727273,2.165454545,200.51
Zhou J,2020,2014,Jiangdu,119.5,32.4,China,Japonica,Yangfugeng8,MN,15,FACE,3,978.5154,14.82599091,0,11,0,0,25.86765152,23.03166667,28.70363636,5.671969697,2.804545455,497.35,732.0341,13.30971091,0,0,0,0,22.32790909,19.14745455,25.50836364,6.360909091,2.22,201.15
Zhou J,2020,2014,Jiangdu,119.5,32.4,China,Hybrid indica,Shanyou63,MN,15,AMB,3,952.4734,14.88239688,0,11,0,0,25.9275,23.081875,28.773125,5.69125,2.8140625,496.45,545.9875,12.13305556,0,0,0,0,23.322,20.51377778,26.13022222,5.616444444,2.393333333,206.41
Zhou J,2020,2014,Jiangdu,119.5,32.4,China,Hybrid indica,Shanyou63,MN,15,FACE,3,965.6654,14.85639077,0,11,0,0,25.89853846,23.05707692,28.74,5.682923077,2.809230769,496.8,539.9111,12.27070682,0,0,0,0,23.33602273,20.49704545,26.175,5.677954545,2.390909091,201.31
Zhou J,2020,2014,Jiangdu,119.5,32.4,China,Hybrid indica,Liangyoupeijiu,MN,15,AMB,3,1084.593,14.65666216,0,11,0,0,25.7527027,22.89513514,28.61027027,5.715135135,2.791891892,550.25,618.2313,13.15385745,0,0,0,0,21.86074468,18.66744681,25.05404255,6.386595745,2.138297872,150.44
Zhou J,2020,2014,Jiangdu,119.5,32.4,China,Hybrid indica,Liangyoupeijiu,MN,15,FACE,3,1073.2986,14.906925,0,11,0,0,25.86076389,22.98111111,28.74041667,5.759305556,2.804166667,527.58,644.0159,13.14318163,0,0,0,0,21.93428571,18.74755102,25.12102041,6.373469388,2.151020408,170.63
Zhou J,2020,2014,Jiangdu,119.5,32.4,China,Indica,Yangdao6,MN,15,AMB,3,1037.8006,14.82572286,0,11,0,0,25.8745,23.01428571,28.73471429,5.720428571,2.808571429,527.23,564.5331,12.54518,0,0,0,0,22.51633333,19.48866667,25.544,6.055333333,2.255555556,198.57
Zhou J,2020,2014,Jiangdu,119.5,32.4,China,Indica,Yangdao6,MN,15,FACE,3,1037.8006,14.82572286,0,11,0,0,25.8745,23.01428571,28.73471429,5.720428571,2.808571429,527.23,564.5331,12.54518,0,0,0,0,22.51633333,19.48866667,25.544,6.055333333,2.255555556,198.57
Zhou J,2020,2014,Jiangdu,119.5,32.4,China,Indica,Yangfuxian6,MN,15,AMB,3,1017.0734,14.95696176,0,11,0,0,25.85492647,22.98397059,28.72588235,5.741911765,2.801470588,498.18,578.7981,12.58256739,0,0,0,0,22.82467391,19.83108696,25.81826087,5.987173913,2.308695652,200.48
Zhou J,2020,2014,Jiangdu,119.5,32.4,China,Indica,Yangfuxian6,MN,15,FACE,3,1017.0734,14.95696176,0,11,0,0,25.85492647,22.98397059,28.72588235,5.741911765,2.801470588,498.18,578.7981,12.58256739,0,0,0,0,22.82467391,19.83108696,25.81826087,5.987173913,2.308695652,200.48
Zhang GY,2020,2016,Tsukuba,140.07,36.08,Japan,Japonica,Koshihikari,MN,8,AMB,4,1281.7462,17.80203056,0,0,0,0,23.00715278,19.07930556,26.935,7.855694444,2.172222222,291.1,725.5622,17.27529048,1,0,0,0,26.5072619,23.00238095,30.01214286,7.009761905,2.707142857,288.62
Zhang GY,2020,2016,Tsukuba,140.07,36.08,Japan,Japonica,Koshihikari,MN,8,FACE,4,1261.5352,17.76810141,0,0,0,0,22.96401408,19.02732394,26.90070423,7.873380282,2.163380282,286.49,732.4512,17.43931429,1,0,0,0,26.52380952,22.98261905,30.065,7.082380952,2.70952381,288.57
Zhang GY,2020,2016,Tsukuba,140.07,36.08,Japan,Indica,Takanari,MN,8,AMB,4,1398.0812,17.92411795,0,0,0,0,23.32032051,19.39615385,27.24448718,7.848333333,2.226923077,319.17,660.7742,15.73271905,1,0,0,0,26.03583333,22.71833333,29.35333333,6.635,2.647619048,292.67
Zhang GY,2020,2016,Tsukuba,140.07,36.08,Japan,Indica,Takanari,MN,8,FACE,4,1351.2752,17.77993684,0,0,0,0,23.18828947,19.27434211,27.10223684,7.827894737,2.209210526,319.12,691.4726,16.46363333,1,0,0,0,26.23583333,22.8297619,29.64190476,6.812142857,2.669047619,289.92
Gao B,2021,2017,Jiangdu,119.5,32.4,China,Japonica,Wuyujing27,MN,22.5,AMB,3,1374.2241,16.96572963,10,33,6,4,28.10765432,25.1062963,31.10901235,6.002716049,3.055555556,577.16,597.8131,11.27949245,0,0,0,0,19.64641509,16.42490566,22.86792453,6.443018868,1.888679245,257.92
Gao B,2021,2017,Jiangdu,119.5,32.4,China,Japonica,Wuyujing27,MN,22.5,FACE,3,1314.483,17.29582895,10,33,6,4,28.36730263,25.36026316,31.37434211,6.014078947,3.086842105,532.23,611.4577,10.9188875,0,0,0,0,20.28508929,17.18678571,23.38339286,6.196607143,1.982142857,317.32
Gao B,2021,2018,Jiangdu,119.5,32.4,China,Japonica,Wuyujing27,MN,22.5,AMB,3,1442.163,17.80448148,0,31,0,0,28.01407407,25.01444444,31.0137037,5.999259259,3.085185185,533.76,768.1036,14.49252075,0,0,0,0,19.88669811,15.9345283,23.83886792,7.904339623,1.737735849,80.24
Gao B,2021,2018,Jiangdu,119.5,32.4,China,Japonica,Wuyujing27,MN,22.5,FACE,3,1362.0498,17.92170789,0,31,0,0,28.25861842,25.27671053,31.24052632,5.963815789,3.136842105,533.21,811.6758,14.49421071,0,1,0,0,20.55910714,16.75517857,24.36303571,7.607857143,1.8375,84.06
Jiang Q,2019,2012,Jiangdu,119.5,32.4,China,Japonica,Wuyujing23,MN,22.5,AMB,3,1427.4184,17.62244938,3,29,0,0,27.77555556,24.51654321,31.0345679,6.518024691,2.809876543,489.6,803.0021,15.15098302,0,0,0,0,19.98433962,15.6309434,24.33773585,8.706792453,1.594339623,109.6
Jiang Q,2019,2012,Jiangdu,119.5,32.4,China,Japonica,Wuyujing23,MN,22.5,FACE,3,1359.9304,17.89382105,3,29,0,0,28.05519737,24.78776316,31.32263158,6.534868421,2.842105263,443.47,855.6353,15.27920179,0,0,0,0,20.44553571,16.19142857,24.69964286,8.508214286,1.666071429,135.53
Jiang Q,2019,2013,Jiangdu,119.5,32.4,China,Japonica,Wuyujing23,MN,22.5,AMB,3,1528.6951,18.87277901,19,46,13,9,28.62783951,25.21209877,32.04358025,6.831481481,2.860493827,396.2,755.5582,14.25581509,0,0,0,0,20.52424528,16.54433962,24.50415094,7.959811321,1.837735849,177.18
Jiang Q,2019,2013,Jiangdu,119.5,32.4,China,Japonica,Wuyujing23,MN,22.5,FACE,3,1472.3506,19.37303421,19,46,13,9,29.04039474,25.58065789,32.50013158,6.919473684,2.902631579,372.19,801.1378,14.30603214,0,0,0,0,20.77669643,16.82017857,24.73321429,7.913035714,1.864285714,191.73
Jiang Q,2019,2014,Jiangdu,119.5,32.4,China,Japonica,Wuyujing23,MN,22.5,AMB,3,1185.4358,14.63500988,0,11,0,0,25.68024691,22.81049383,28.55,5.739506173,2.780246914,587.74,700.8469,13.22352642,0,0,0,0,20.08216981,16.42660377,23.73773585,7.311132075,1.860377358,125.43
Jiang Q,2019,2014,Jiangdu,119.5,32.4,China,Japonica,Wuyujing23,MN,22.5,FACE,3,1104.5268,14.53324737,0,11,0,0,25.75164474,22.91210526,28.59118421,5.679078947,2.798684211,578.54,781.2047,13.95008393,0,0,0,0,20.55366071,16.84571429,24.26160714,7.415892857,1.916071429,107.37
Jiang Q,2019,2012,Jiangdu,119.5,32.4,China,Hybrid indica,IIY084,MN,22.5,AMB,3,1377.1884,17.65626154,3,29,0,0,27.92801282,24.70153846,31.15448718,6.452948718,2.829487179,468.79,682.2813,15.86700698,0,0,0,0,21.01337209,16.84069767,25.18604651,8.345348837,1.706976744,76
Jiang Q,2019,2012,Jiangdu,119.5,32.4,China,Hybrid indica,IIY084,MN,22.5,FACE,3,1377.1884,17.65626154,3,29,0,0,27.92801282,24.70153846,31.15448718,6.452948718,2.829487179,468.79,682.2813,15.86700698,0,0,0,0,21.01337209,16.84069767,25.18604651,8.345348837,1.706976744,76
Jiang Q,2019,2013,Jiangdu,119.5,32.4,China,Hybrid indica,IIY084,MN,22.5,AMB,3,1351.6586,19.30940857,19,46,13,9,29.45507143,26.06514286,32.845,6.779857143,2.987142857,372.15,637.8269,14.83318372,0,1,0,0,23.11593023,19.38139535,26.85046512,7.469069767,2.146511628,196.89
Jiang Q,2019,2013,Jiangdu,119.5,32.4,China,Hybrid indica,IIY084,MN,22.5,FACE,3,1351.6586,19.30940857,19,46,13,9,29.45507143,26.06514286,32.845,6.779857143,2.987142857,372.15,637.8269,14.83318372,0,1,0,0,23.11593023,19.38139535,26.85046512,7.469069767,2.146511628,196.89
Jiang Q,2019,2014,Jiangdu,119.5,32.4,China,Hybrid indica,IIY084,MN,22.5,AMB,3,1121.3838,14.56342597,0,11,0,0,25.71525974,22.86064935,28.56987013,5.709220779,2.792207792,578.95,599.7921,13.94865349,0,0,0,0,21.1122093,17.65255814,24.57186047,6.919302326,1.997674419,86.48
Jiang Q,2019,2014,Jiangdu,119.5,32.4,China,Hybrid indica,IIY084,MN,22.5,FACE,3,1121.3838,14.56342597,0,11,0,0,25.71525974,22.86064935,28.56987013,5.709220779,2.792207792,578.95,599.7921,13.94865349,0,0,0,0,21.1122093,17.65255814,24.57186047,6.919302326,1.997674419,86.48
Wang J,2016,2014,Jiangdu,119.5,32.4,China,Hybrid indica,YLY2,MN,22.5,AMB,3,1121.3838,14.56342597,0,11,0,0,25.71525974,22.86064935,28.56987013,5.709220779,2.792207792,578.95,599.7921,13.94865349,0,0,0,0,21.1122093,17.65255814,24.57186047,6.919302326,1.997674419,86.48
Wang J,2016,2014,Jiangdu,119.5,32.4,China,Hybrid indica,YLY2,MN,22.5,FACE,3,1121.3838,14.56342597,0,11,0,0,25.71525974,22.86064935,28.56987013,5.709220779,2.792207792,578.95,599.7921,13.94865349,0,0,0,0,21.1122093,17.65255814,24.57186047,6.919302326,1.997674419,86.48
Hassegawa,2019,2012,Tsukuba,140.07,36.08,Japan,Japonica,Koshihikari,N0,0,AMB,4,1306.2073,18.14176806,0,0,0,0,22.41256944,18.69375,26.13138889,7.437638889,2.134722222,358.34,796.4495,18.96308333,0,0,0,0,27.21797619,23.27238095,31.16357143,7.891190476,2.74047619,121.12
Hassegawa,2019,2012,Tsukuba,140.07,36.08,Japan,Japonica,Koshihikari,MN,8,AMB,4,1285.9763,18.11234225,0,0,0,0,22.34492958,18.62859155,26.06126761,7.432676056,2.125352113,357.21,804.0925,19.14505952,0,0,0,0,27.24666667,23.29738095,31.19595238,7.898571429,2.742857143,120.6
Hassegawa,2019,2012,Tsukuba,140.07,36.08,Japan,Japonica,Koshihikari,HN,12,AMB,4,1306.2073,18.14176806,0,0,0,0,22.41256944,18.69375,26.13138889,7.437638889,2.134722222,358.34,796.4495,18.96308333,0,0,0,0,27.21797619,23.27238095,31.16357143,7.891190476,2.74047619,121.12
Hassegawa,2019,2013,Tsukuba,140.07,36.08,Japan,Japonica,Koshihikari,N0,0,AMB,4,1288.5823,17.65181233,0,0,0,0,23.70643836,19.73246575,27.68041096,7.947945205,2.234246575,276.15,795.8049,18.94773571,2,2,0,0,27.36845238,23.41761905,31.31928571,7.901666667,2.723809524,117.32
Hassegawa,2019,2013,Tsukuba,140.07,36.08,Japan,Japonica,Koshihikari,MN,8,AMB,4,1308.2533,17.67909865,0,0,0,0,23.72695946,19.74986486,27.70405405,7.954189189,2.236486486,277.02,797.8799,18.99714048,2,2,0,0,27.41071429,23.43619048,31.3852381,7.949047619,2.730952381,114.62
Hassegawa,2019,2013,Tsukuba,140.07,36.08,Japan,Japonica,Koshihikari,HN,12,AMB,4,1272.8753,17.67882361,0,0,0,0,23.69430556,19.70152778,27.68708333,7.985555556,2.233333333,273.45,788.0075,18.76208333,2,2,0,0,27.38238095,23.44833333,31.31642857,7.868095238,2.730952381,143.02
Hassegawa,2019,2014,Tsukuba,140.07,36.08,Japan,Japonica,Koshihikari,N0,0,AMB,4,1323.9229,18.64680141,0,0,0,0,23.41176056,19.42084507,27.40267606,7.981830986,2.267605634,410.06,688.1888,16.38544762,0,0,0,0,26.05678571,22.56071429,29.55285714,6.992142857,2.60952381,168.06
Hassegawa,2019,2014,Tsukuba,140.07,36.08,Japan,Japonica,Koshihikari,MN,8,AMB,4,1348.0529,18.72295694,0,0,0,0,23.47798611,19.47166667,27.48430556,8.012638889,2.276388889,410.34,677.2648,16.12535238,0,0,0,0,25.96321429,22.49571429,29.43071429,6.935,2.602380952,175.71
Hassegawa,2019,2014,Tsukuba,140.07,36.08,Japan,Japonica,Koshihikari,HN,12,AMB,4,1348.0529,18.72295694,0,0,0,0,23.47798611,19.47166667,27.48430556,8.012638889,2.276388889,410.34,677.2648,16.12535238,0,0,0,0,25.96321429,22.49571429,29.43071429,6.935,2.602380952,175.71
Hassegawa,2019,2012,Tsukuba,140.07,36.08,Japan,Japonica,Koshihikari,N0,0,FACE,4,1285.9763,18.11234225,0,0,0,0,22.34492958,18.62859155,26.06126761,7.432676056,2.125352113,357.21,804.0925,19.14505952,0,0,0,0,27.24666667,23.29738095,31.19595238,7.898571429,2.742857143,120.6
Hassegawa,2019,2012,Tsukuba,140.07,36.08,Japan,Japonica,Koshihikari,MN,8,FACE,4,1285.9763,18.11234225,0,0,0,0,22.34492958,18.62859155,26.06126761,7.432676056,2.125352113,357.21,804.0925,19.14505952,0,0,0,0,27.24666667,23.29738095,31.19595238,7.898571429,2.742857143,120.6
Hassegawa,2019,2012,Tsukuba,140.07,36.08,Japan,Japonica,Koshihikari,HN,12,FACE,4,1285.9763,18.11234225,0,0,0,0,22.34492958,18.62859155,26.06126761,7.432676056,2.125352113,357.21,804.0925,19.14505952,0,0,0,0,27.24666667,23.29738095,31.19595238,7.898571429,2.742857143,120.6
Hassegawa,2019,2013,Tsukuba,140.07,36.08,Japan,Japonica,Koshihikari,N0,0,FACE,4,1245.8197,17.79742429,0,0,0,0,23.61678571,19.619,27.61457143,7.995571429,2.218571429,246.7,796.0285,18.95305952,2,2,0,0,27.52011905,23.55690476,31.48333333,7.926428571,2.754761905,143.13
Hassegawa,2019,2013,Tsukuba,140.07,36.08,Japan,Japonica,Koshihikari,MN,8,FACE,4,1288.5823,17.65181233,0,0,0,0,23.70643836,19.73246575,27.68041096,7.947945205,2.234246575,276.15,795.8049,18.94773571,2,2,0,0,27.36845238,23.41761905,31.31928571,7.901666667,2.723809524,117.32
Hassegawa,2019,2013,Tsukuba,140.07,36.08,Japan,Japonica,Koshihikari,HN,12,FACE,4,1272.8753,17.67882361,0,0,0,0,23.69430556,19.70152778,27.68708333,7.985555556,2.233333333,273.45,788.0075,18.76208333,2,2,0,0,27.38238095,23.44833333,31.31642857,7.868095238,2.730952381,143.02
Hassegawa,2019,2014,Tsukuba,140.07,36.08,Japan,Japonica,Koshihikari,N0,0,FACE,4,1234.2929,18.42228209,0,0,0,0,23.23343284,19.26791045,27.19895522,7.931044776,2.253731343,397.2,730.2472,17.3868381,0,0,0,0,26.49321429,22.88,30.10642857,7.226428571,2.65,167.66
Hassegawa,2019,2014,Tsukuba,140.07,36.08,Japan,Japonica,Koshihikari,MN,8,FACE,4,1298.2819,18.54688429,0,0,0,0,23.37285714,19.39428571,27.35142857,7.957142857,2.264285714,410.06,693.3298,16.50785238,0,0,0,0,26.12369048,22.61142857,29.63595238,7.02452381,2.614285714,166.67
Hassegawa,2019,2014,Tsukuba,140.07,36.08,Japan,Japonica,Koshihikari,HN,12,FACE,4,1275.5369,18.48604203,0,0,0,0,23.34152174,19.36782609,27.31521739,7.947391304,2.263768116,409.96,705.0519,16.78695,0,0,0,0,26.2377381,22.71166667,29.76380952,7.052142857,2.619047619,167.24
Hassegawa,2019,2012,Tsukuba,140.07,36.08,Japan,Indica,Takanari,N0,0,AMB,4,1390.1543,18.29150395,0,0,0,0,22.70828947,18.97776316,26.43881579,7.461052632,2.172368421,362.05,785.4735,18.70175,0,0,0,0,27.105,23.14238095,31.06761905,7.925238095,2.721428571,126.18
Hassegawa,2019,2012,Tsukuba,140.07,36.08,Japan,Indica,Takanari,MN,8,AMB,4,1423.0493,18.24422179,0,0,0,0,22.80698718,19.08628205,26.52769231,7.441410256,2.187179487,372.73,781.3925,18.60458333,0,0,0,0,27.08071429,23.10928571,31.05214286,7.942857143,2.716666667,123.61
Hassegawa,2019,2012,Tsukuba,140.07,36.08,Japan,Indica,Takanari,HN,12,AMB,4,1390.1543,18.29150395,0,0,0,0,22.70828947,18.97776316,26.43881579,7.461052632,2.172368421,362.05,785.4735,18.70175,0,0,0,0,27.105,23.14238095,31.06761905,7.925238095,2.721428571,126.18
Hassegawa,2019,2013,Tsukuba,140.07,36.08,Japan,Indica,Takanari,N0,0,AMB,4,1390.6533,17.82888846,0,0,0,0,23.91762821,19.95730769,27.87794872,7.920641026,2.270512821,282.64,774.1441,18.43200238,2,2,0,0,27.19488095,23.19666667,31.19309524,7.996428571,2.692857143,142.18
Hassegawa,2019,2013,Tsukuba,140.07,36.08,Japan,Indica,Takanari,MN,8,AMB,4,1366.4083,17.74556234,0,0,0,0,23.86136364,19.90402597,27.8187013,7.914675325,2.263636364,282.61,769.6311,18.32455,2,2,0,0,27.36571429,23.40547619,31.32595238,7.92047619,2.730952381,144.03
Hassegawa,2019,2013,Tsukuba,140.07,36.08,Japan,Indica,Takanari,HN,12,AMB,4,1348.3983,17.74208289,0,0,0,0,23.80802632,19.84065789,27.77539474,7.934736842,2.251315789,280.76,784.4034,18.67627143,2,2,0,0,27.46095238,23.50833333,31.41357143,7.905238095,2.745238095,130.23
Hassegawa,2019,2014,Tsukuba,140.07,36.08,Japan,Indica,Takanari,N0,0,AMB,4,1466.9239,19.05095974,0,0,0,0,23.86090909,19.81441558,27.9074026,8.092987013,2.31038961,411.17,638.6378,15.2056619,0,0,0,0,25.02488095,21.68333333,28.36642857,6.683095238,2.502380952,193.46
Hassegawa,2019,2014,Tsukuba,140.07,36.08,Japan,Indica,Takanari,MN,8,AMB,4,1441.0419,18.96107763,0,0,0,0,23.78111842,19.74065789,27.82157895,8.080921053,2.303947368,411.17,646.9718,15.40409048,0,0,0,0,25.20880952,21.855,28.56261905,6.707619048,2.519047619,193.21
Hassegawa,2019,2014,Tsukuba,140.07,36.08,Japan,Indica,Takanari,HN,12,AMB,4,1418.9199,18.918932,0,0,0,0,23.709,19.66786667,27.75013333,8.082266667,2.298666667,411.17,650.5818,15.49004286,0,0,0,0,25.41285714,22.05309524,28.77261905,6.71952381,2.54047619,193.41
Hassegawa,2019,2012,Tsukuba,140.07,36.08,Japan,Indica,Takanari,N0,0,FACE,4,1390.1543,18.29150395,0,0,0,0,22.70828947,18.97776316,26.43881579,7.461052632,2.172368421,362.05,785.4735,18.70175,0,0,0,0,27.105,23.14238095,31.06761905,7.925238095,2.721428571,126.18
Hassegawa,2019,2012,Tsukuba,140.07,36.08,Japan,Indica,Takanari,MN,8,FACE,4,1423.0493,18.24422179,0,0,0,0,22.80698718,19.08628205,26.52769231,7.441410256,2.187179487,372.73,781.3925,18.60458333,0,0,0,0,27.08071429,23.10928571,31.05214286,7.942857143,2.716666667,123.61
Hassegawa,2019,2012,Tsukuba,140.07,36.08,Japan,Indica,Takanari,HN,12,FACE,4,1390.1543,18.29150395,0,0,0,0,22.70828947,18.97776316,26.43881579,7.461052632,2.172368421,362.05,785.4735,18.70175,0,0,0,0,27.105,23.14238095,31.06761905,7.925238095,2.721428571,126.18
Hassegawa,2019,2013,Tsukuba,140.07,36.08,Japan,Indica,Takanari,N0,0,FACE,4,1390.6533,17.82888846,0,0,0,0,23.91762821,19.95730769,27.87794872,7.920641026,2.270512821,282.64,774.1441,18.43200238,2,2,0,0,27.19488095,23.19666667,31.19309524,7.996428571,2.692857143,142.18
Hassegawa,2019,2013,Tsukuba,140.07,36.08,Japan,Indica,Takanari,MN,8,FACE,4,1366.4083,17.74556234,0,0,0,0,23.86136364,19.90402597,27.8187013,7.914675325,2.263636364,282.61,769.6311,18.32455,2,2,0,0,27.36571429,23.40547619,31.32595238,7.92047619,2.730952381,144.03
Hassegawa,2019,2013,Tsukuba,140.07,36.08,Japan,Indica,Takanari,HN,12,FACE,4,1348.3983,17.74208289,0,0,0,0,23.80802632,19.84065789,27.77539474,7.934736842,2.251315789,280.76,784.4034,18.67627143,2,2,0,0,27.46095238,23.50833333,31.41357143,7.905238095,2.745238095,130.23
Hassegawa,2019,2014,Tsukuba,140.07,36.08,Japan,Indica,Takanari,N0,0,FACE,4,1441.0419,18.96107763,0,0,0,0,23.78111842,19.74065789,27.82157895,8.080921053,2.303947368,411.17,646.9718,15.40409048,0,0,0,0,25.20880952,21.855,28.56261905,6.707619048,2.519047619,193.21
Hassegawa,2019,2014,Tsukuba,140.07,36.08,Japan,Indica,Takanari,MN,8,FACE,4,1395.7479,18.86145811,0,0,0,0,23.63236486,19.59837838,27.66635135,8.067972973,2.291891892,410.5,658.2288,15.67211429,0,0,0,0,25.61285714,22.21238095,29.01333333,6.800952381,2.561904762,192.78
Hassegawa,2019,2014,Tsukuba,140.07,36.08,Japan,Indica,Takanari,HN,12,FACE,4,1395.7479,18.86145811,0,0,0,0,23.63236486,19.59837838,27.66635135,8.067972973,2.291891892,410.5,658.2288,15.67211429,0,0,0,0,25.61285714,22.21238095,29.01333333,6.800952381,2.561904762,192.78
Sakai,2019,2010,Tsukuba,140.07,36.08,Japan,Japonica,Aikoku,MN,8,AMB,4,1214.5908,18.68601231,0,0,0,0,23.76553846,19.93984615,27.59123077,7.651384615,2.283076923,344.06,847.6381,19.26450227,3,2,0,0,28.27920455,24.58159091,31.97681818,7.395227273,2.806818182,201.55
Sakai,2019,2010,Tsukuba,140.07,36.08,Japan,Japonica,Norin 8,MN,8,AMB,4,1490.3797,18.62974625,0,0,0,0,24.4895,20.811375,28.167625,7.35625,2.39625,486.76,758.4481,18.49873415,3,2,0,0,27.50268293,23.52682927,31.47853659,7.951707317,2.651219512,112.41
Sakai,2019,2010,Tsukuba,140.07,36.08,Japan,Japonica,Koshihikari,MN,8,AMB,4,1257.1448,18.48742353,0,0,0,0,23.89242647,20.11735294,27.6675,7.550147059,2.310294118,393.19,751.1119,19.76610263,2,2,0,0,28.55828947,24.78605263,32.33052632,7.544473684,2.842105263,120.63
Sakai,2019,2010,Tsukuba,140.07,36.08,Japan,Japonica,Akihikari,MN,8,AMB,4,1046.4248,18.0418069,0,0,0,0,23.15137931,19.37948276,26.92327586,7.543793103,2.213793103,327.47,821.3639,20.03326585,1,1,0,0,28.28780488,24.65121951,31.92439024,7.273170732,2.870731707,182.58
Sakai,2019,2010,Tsukuba,140.07,36.08,Japan,Japonica,Akidawara,MN,8,AMB,4,1410.1808,18.80241067,0,0,0,0,24.31253333,20.57306667,28.052,7.478933333,2.364,397.25,728.9341,19.18247632,3,2,0,0,28.245,24.32236842,32.16763158,7.845263158,2.757894737,155.88
Sakai,2019,2010,Tsukuba,140.07,36.08,Japan,Japonica,Aikoku,MN,8,FACE,4,1189.5148,18.58616875,0,0,0,0,23.70117188,19.8740625,27.52828125,7.65421875,2.2765625,343.9,870.5111,19.34469111,3,2,0,0,28.28233333,24.58444444,31.98022222,7.395777778,2.806666667,201.56
Sakai,2019,2010,Tsukuba,140.07,36.08,Japan,Japonica,Norin 8,MN,8,FACE,4,1457.3397,18.68384231,0,0,0,0,24.41185897,20.70423077,28.11948718,7.41525641,2.382051282,480.72,791.3501,18.4034907,3,2,0,0,27.48162791,23.56116279,31.40209302,7.840930233,2.662790698,137.76
Sakai,2019,2010,Tsukuba,140.07,36.08,Japan,Japonica,Koshihikari,MN,8,FACE,4,1225.0638,18.56157273,0,0,0,0,23.78825758,19.99106061,27.58545455,7.594393939,2.289393939,369.66,774.6189,19.3654725,2,2,0,0,28.42625,24.7335,32.119,7.3855,2.84,166.46
Sakai,2019,2010,Tsukuba,140.07,36.08,Japan,Japonica,Akihikari,MN,8,FACE,4,1021.1738,17.91532982,0,0,0,0,23.04114035,19.28350877,26.79877193,7.515263158,2.203508772,327.41,847.0469,20.16778333,1,1,0,0,28.30357143,24.63666667,31.97047619,7.333809524,2.871428571,182.66
Sakai,2019,2010,Tsukuba,140.07,36.08,Japan,Japonica,Akidawara,MN,8,FACE,4,1384.8608,18.71433514,0,0,0,0,24.26736486,20.53094595,28.00378378,7.472837838,2.360810811,397.25,750.2971,19.23838718,3,2,0,0,28.23846154,24.33205128,32.14487179,7.812820513,2.758974359,156.59
Sakai,2019,2011,Tsukuba,140.07,36.08,Japan,Japonica,Aikoku,MN,8,AMB,4,1205.6135,17.47265942,0,0,0,0,23.46485507,19.68695652,27.24275362,7.555797101,2.243478261,395.19,658.9168,16.89530256,1,0,0,0,26.39358974,23.02769231,29.75948718,6.731794872,2.723076923,263.34
Sakai,2019,2011,Tsukuba,140.07,36.08,Japan,Japonica,Norin 8,MN,8,AMB,4,1526.2745,17.95617059,1,0,0,0,24.26652941,20.45964706,28.07341176,7.613764706,2.362352941,444.03,575.3362,15.98156111,0,0,0,0,25.81305556,22.52472222,29.10138889,6.576666667,2.633333333,229.66
Sakai,2019,2011,Tsukuba,140.07,36.08,Japan,Japonica,Koshihikari,MN,8,AMB,4,1255.7585,17.44109028,0,0,0,0,23.50590278,19.74430556,27.2675,7.523194444,2.248611111,397.31,723.9248,17.23630476,1,0,0,0,26.5102381,23.04428571,29.97619048,6.931904762,2.74047619,260.35
Sakai,2019,2011,Tsukuba,140.07,36.08,Japan,Japonica,Akihikari,MN,8,AMB,4,1035.8107,17.85880517,0,0,0,0,23.32112069,19.43913793,27.20310345,7.763965517,2.217241379,303.63,684.0088,16.68314146,1,0,0,0,25.97621951,22.54853659,29.40390244,6.855365854,2.651219512,280.08
Sakai,2019,2011,Tsukuba,140.07,36.08,Japan,Japonica,Akidawara,MN,8,AMB,4,1442.2245,17.80524074,1,0,0,0,24.02802469,20.21518519,27.8408642,7.625679012,2.32962963,441.48,660.7502,16.518755,0,0,0,0,26.11925,22.76825,29.47025,6.702,2.67,232.99
Sakai,2019,2011,Tsukuba,140.07,36.08,Japan,Japonica,Aikoku,MN,8,FACE,4,1192.7145,17.53991912,0,0,0,0,23.45838235,19.66191176,27.25485294,7.592941176,2.241176471,390.19,667.8194,16.695485,1,0,0,0,26.377875,23.0125,29.74325,6.73075,2.72,301.27
Sakai,2019,2011,Tsukuba,140.07,36.08,Japan,Japonica,Norin 8,MN,8,FACE,4,1504.1275,17.90627976,1,0,0,0,24.2072619,20.40011905,28.01440476,7.614285714,2.354761905,443.4,594.5552,16.06905946,0,0,0,0,25.89837838,22.59594595,29.20081081,6.604864865,2.643243243,230.02
Sakai,2019,2011,Tsukuba,140.07,36.08,Japan,Japonica,Koshihikari,MN,8,FACE,4,1238.1895,17.43928873,0,0,0,0,23.4821831,19.71478873,27.24957746,7.534788732,2.243661972,395.9,739.9028,17.20704186,1,0,0,0,26.45755814,22.98465116,29.93046512,6.945813953,2.730232558,260.73
Sakai,2019,2011,Tsukuba,140.07,36.08,Japan,Japonica,Akihikari,MN,8,FACE,4,1028.109,18.037,0,0,0,0,23.29692982,19.4054386,27.18842105,7.782982456,2.20877193,292.36,690.1685,16.43258333,1,0,0,0,25.96571429,22.58595238,29.34547619,6.75952381,2.65952381,327.11
Sakai,2019,2011,Tsukuba,140.07,36.08,Japan,Japonica,Akidawara,MN,8,FACE,4,1418.7135,17.73391875,1,0,0,0,23.973875,20.172125,27.775625,7.6035,2.3225,440.07,683.9232,16.68105366,1,0,0,0,26.23012195,22.82682927,29.63341463,6.806585366,2.680487805,240.23
Yoshinaga,2020,2011,Tsukuba,140.07,36.08,Japan,Japonica,Koshihikari,HN,12,AMB,4,1223.5295,17.47899286,0,0,0,0,23.60521429,19.831,27.37942857,7.548428571,2.258571429,374.07,629.4198,17.01134595,1,0,0,0,26.52783784,23.13027027,29.92540541,6.795135135,2.745945946,258.01
Yoshinaga,2020,2011,Tsukuba,140.07,36.08,Japan,Japonica,Nipponbare,HN,12,AMB,4,1404.0535,17.77282911,1,0,0,0,24.08911392,20.28088608,27.89734177,7.616455696,2.336708861,418.24,677.9108,16.94777,1,0,0,0,26.34875,22.921,29.7765,6.8555,2.695,227.07
Yoshinaga,2020,2011,Tsukuba,140.07,36.08,Japan,Japonica,Momiroman,HN,12,AMB,4,1380.8805,17.70359615,0,0,0,0,24.00480769,20.21820513,27.79141026,7.573205128,2.326923077,411,776.5589,16.17831042,1,0,0,0,25.49052083,22.07458333,28.90645833,6.831875,2.577083333,306.77
Yoshinaga,2020,2011,Tsukuba,140.07,36.08,Japan,Indica,Takanari,HN,12,AMB,4,1279.3715,17.52563699,0,0,0,0,23.70417808,19.94575342,27.46260274,7.516849315,2.279452055,386.02,728.5878,17.34732857,1,0,0,0,26.58071429,23.08452381,30.07690476,6.992380952,2.742857143,255.1
Yoshinaga,2020,2011,Tsukuba,140.07,36.08,Japan,Indica,Hokuriku193,HN,12,AMB,4,1448.7245,17.88548765,1,0,0,0,24.19895062,20.38234568,28.01555556,7.633209877,2.351851852,420.11,680.3355,15.82175581,0,0,0,0,25.54383721,22.21348837,28.87418605,6.660697674,2.593023256,297.78
Yoshinaga,2020,2011,Tsukuba,140.07,36.08,Japan,Japonica,Koshihikari,HN,12,FACE,4,1178.0545,17.58290299,0,0,0,0,23.58656716,19.78253731,27.39059701,7.608059701,2.256716418,368.36,618.9784,16.72914595,1,0,0,0,26.51148649,23.14,29.88297297,6.742972973,2.754054054,292.38
Yoshinaga,2020,2011,Tsukuba,140.07,36.08,Japan,Japonica,Nipponbare,HN,12,FACE,4,1339.1595,17.62051974,0,0,0,0,23.87690789,20.10657895,27.64723684,7.540657895,2.307894737,409.61,668.9008,17.15130256,1,0,0,0,26.49858974,23.0274359,29.96974359,6.942307692,2.725641026,229.31
Yoshinaga,2020,2011,Tsukuba,140.07,36.08,Japan,Japonica,Momiroman,HN,12,FACE,4,1339.1595,17.62051974,0,0,0,0,23.87690789,20.10657895,27.64723684,7.540657895,2.307894737,409.61,790.3975,16.46661458,1,0,0,0,25.90125,22.43375,29.36875,6.935,2.6375,312.17
Yoshinaga,2020,2011,Tsukuba,140.07,36.08,Japan,Indica,Takanari,HN,12,FACE,4,1241.0985,17.48026056,0,0,0,0,23.62753521,19.85929577,27.39577465,7.536478873,2.263380282,375.48,723.9248,17.23630476,1,0,0,0,26.5102381,23.04428571,29.97619048,6.931904762,2.74047619,260.35
Yoshinaga,2020,2011,Tsukuba,140.07,36.08,Japan,Indica,Hokuriku193,HN,12,FACE,4,1427.5645,17.84455625,1,0,0,0,24.1425,20.323125,27.961875,7.63875,2.34375,419.65,683.2695,15.88998837,0,0,0,0,25.7744186,22.43953488,29.10930233,6.669767442,2.627906977,299.19
